-- phpMyAdmin SQL Dump
-- version 5.2.1
-- https://www.phpmyadmin.net/
--
-- Host: localhost:3306
-- Generation Time: Oct 01, 2023 at 06:58 AM
-- Server version: 8.0.30
-- PHP Version: 8.2.8

SET SQL_MODE = "NO_AUTO_VALUE_ON_ZERO";
START TRANSACTION;
SET time_zone = "+00:00";


/*!40101 SET @OLD_CHARACTER_SET_CLIENT=@@CHARACTER_SET_CLIENT */;
/*!40101 SET @OLD_CHARACTER_SET_RESULTS=@@CHARACTER_SET_RESULTS */;
/*!40101 SET @OLD_COLLATION_CONNECTION=@@COLLATION_CONNECTION */;
/*!40101 SET NAMES utf8mb4 */;

--
-- Database: `maut_pkg`
--

-- --------------------------------------------------------

--
-- Table structure for table `guru`
--

CREATE TABLE `guru` (
  `id` int UNSIGNED NOT NULL,
  `nuptk` varchar(30) NOT NULL,
  `nama` varchar(60) NOT NULL,
  `jk` varchar(20) CHARACTER SET utf8mb3 COLLATE utf8mb3_general_ci NOT NULL,
  `tmp_lahir` varchar(60) NOT NULL,
  `tgl_lahir` date NOT NULL,
  `pddk_akhir` varchar(60) NOT NULL
) ENGINE=InnoDB DEFAULT CHARSET=utf8mb3;

--
-- Dumping data for table `guru`
--

INSERT INTO `guru` (`id`, `nuptk`, `nama`, `jk`, `tmp_lahir`, `tgl_lahir`, `pddk_akhir`) VALUES
(1, '1306141012720001', 'Lukman, S. Pd. I', 'L', 'Lasi Mudo', '1972-12-10', 'S1'),
(2, '1306141206730001', 'Nurdin, S. Pd. I', 'L', 'Tanjung Alam', '1973-05-12', 'S1'),
(3, '1306070106790001', 'Fauzan Azim, S.HI', 'L', 'Surau Laut', '1979-01-01', 'S1'),
(4, '1375023103800001', 'Adriansyah, M.Pd.T', 'L', 'Bukittinggi', '1980-03-31', 'S2'),
(5, '1375020505940001', 'Rahmad Hidayat, SH, M.H', 'L', 'Bukittinggi', '1994-05-05', 'S2'),
(6, '1311010908920005', 'Elfi Yandi, M.Pd', 'L', 'Tanjung Harapan', '1992-08-06', 'S2'),
(7, '1306080202940002', 'Muslim Ja\'far, M.Pd', 'L', 'Tabek Panjang', '1994-02-02', 'S2'),
(8, '1306080505750003', 'Maiyunis, S.Ag', 'L', 'Sungai Angek', '1975-05-05', 'S1'),
(9, '1401060312720001', 'Irwan syah, S.H', 'L', 'Pasaman', '2000-09-08', 'S1'),
(10, '1306146111810002', 'Perawati, S.HI', 'P', 'Baso', '1981-11-21', 'S1'),
(11, '1376014502660001', 'Dra. Fenni Haliani', 'P', 'Rumbai', '1966-02-05', 'S1'),
(12, '1375035106680001', 'Dra. Hj. Fitra Yuza', 'P', 'Bukittinggi', '1968-01-11', 'S1'),
(13, '1306144306710001', 'Ramainas, K, S. Pd.I', 'P', 'Suayan', '1971-06-13', 'S1'),
(14, '1306144700810003', 'Syilvia N, S.Th.I', 'P', 'Baso', '1981-04-07', 'S1'),
(15, '1306055912880004', 'Novri Yanti, S.S', 'P', 'Bukittinggi', '1978-12-19', 'S1'),
(16, '1306144703860001', 'Fitriani, S.Pd.I', 'P', 'Limo Koto', '1986-03-07', 'S1'),
(17, '1306144704990004', 'Zakiya, S.Pd', 'P', 'Canduang', '1999-04-07', 'S1'),
(18, '1311015608980003', 'Bona Rahmiadella, SH', 'P', 'Paninggahan', '1998-08-16', 'S1'),
(19, '1306072503990001', 'Agam Pratama, S.H', 'L', 'Tasik Malaya', '1999-03-25', 'S1'),
(20, '1306141401870001', 'Donal Primayulis, SHI', 'L', 'Ganggo', '1987-01-14', 'S1'),
(21, '1306150508840002', 'Zul Efendi, S.Pd', 'L', 'Baso', '1979-03-02', 'S1'),
(22, '1306070112560001', 'Suhaimi, B.A', 'L', 'Penyengat Olak', '1986-12-01', 'S1'),
(23, '1307133112570011', 'Drs. Syamsul Bahmir', 'L', 'Seberang Parit', '1977-12-31', 'S1'),
(24, '1306140806580001', 'Drs. H. Anwar Jalani', 'L', 'Singgalang', '1969-06-08', 'S1'),
(25, '1306140710970002', 'Firman Wahyudi, S.Pd', 'L', 'Baso', '1997-10-07', 'S1'),
(26, '1301070102960001', 'Rivo Gusti Pritama S. Pd', 'L', 'Kapuh', '1996-02-26', 'S1'),
(27, '1306144404770001', 'Ratna Wati, S. Pd,I', 'P', 'Suayan', '1977-04-04', 'S1'),
(28, '1306075707770001', 'Fitri Aulia, S. HI', 'P', 'Lurah', '1977-07-17', 'S1'),
(29, '1306140806780000', 'Hj. Armanis, S. Pd', 'P', 'Candung', '1971-07-28', 'S1'),
(30, '1306084205810002', 'Nilma Yanti, S.Pd', 'P', 'Mancung', '1981-05-02', 'S1'),
(31, '1306146202790001', 'Dina Mariana, S. Pd', 'P', 'V Suku Bawah', '1979-02-22', 'S1'),
(32, '1306054312860001', 'Desi Novita Sari, S.Pd', 'P', 'Jambak', '1986-12-03', 'S1'),
(33, '1306086404960001', 'Siti Rahmah Tursina, S.Pd', 'P', 'Baso', '1996-04-24', 'S1'),
(34, '1375026101740002', 'Endras Setiawati, S.Pd', 'P', 'Koto Tuo', '1974-01-16', 'S1'),
(35, '1306144306780002', 'Liddiawati, S.Pd', 'P', 'Labung', '1978-06-03', 'S1'),
(36, '1306156408850002', 'Husnul Fitria, S. Pd', 'P', 'Bansa', '1985-08-24', 'S1'),
(37, '1306080509960001', 'Ilham, SH', 'L', 'Baso', '1996-05-09', 'S1'),
(38, '1306144110970001', 'Latania Fizikri, S.Ag, M.A', 'P', 'Canduang', '1997-10-01', 'S2'),
(39, '1306146709950001', 'Rini Anggia, S.Sos', 'P', 'Medan', '1985-09-27', 'S1'),
(40, '1306144809900001', 'Windawati, S. Pd', 'P', 'Bukittinggi', '1990-09-08', 'S1');

-- --------------------------------------------------------

--
-- Table structure for table `guru_mapel`
--

CREATE TABLE `guru_mapel` (
  `id` int UNSIGNED NOT NULL,
  `sekolah_id` int NOT NULL,
  `periode_id` int DEFAULT NULL,
  `kode_guru` varchar(50) CHARACTER SET utf8mb3 COLLATE utf8mb3_general_ci DEFAULT NULL,
  `guru_id` int NOT NULL,
  `mapel_id` int NOT NULL,
  `kelas_id` int NOT NULL
) ENGINE=InnoDB DEFAULT CHARSET=utf8mb3;

--
-- Dumping data for table `guru_mapel`
--

INSERT INTO `guru_mapel` (`id`, `sekolah_id`, `periode_id`, `kode_guru`, `guru_id`, `mapel_id`, `kelas_id`) VALUES
(1, 1, 1, 'A1', 32, 35, 20),
(2, 1, 1, 'A2', 31, 29, 20),
(3, 1, 1, 'A3', 24, 23, 20),
(4, 1, 1, 'A4', 23, 27, 20),
(5, 1, 1, 'A5', 34, 36, 20),
(6, 1, 1, 'A6', 25, 5, 20),
(7, 1, 1, 'A7', 28, 6, 20),
(8, 1, 1, 'A8', 29, 44, 20),
(9, 1, 1, 'A9', 36, 43, 20),
(10, 1, 1, 'A10', 37, 25, 20),
(11, 1, 1, 'A11', 38, 45, 20),
(12, 1, 1, 'A12', 35, 51, 20),
(13, 1, 1, 'A13', 30, 12, 20),
(14, 1, 1, 'A14', 27, 13, 20),
(15, 1, 1, 'A15', 39, 30, 20),
(16, 1, 1, 'A16', 26, 7, 20),
(17, 1, 1, 'A17', 33, 2, 20),
(18, 1, 1, 'A18', 22, 15, 20),
(19, 1, 1, 'A19', 40, 8, 20),
(20, 1, 1, 'A20', 21, 9, 20),
(21, 2, 1, 'A21', 4, 50, 30),
(22, 2, 1, 'A22', 19, 51, 30),
(23, 2, 1, 'A23', 18, 23, 30),
(24, 2, 1, 'A24', 20, 25, 30),
(25, 2, 1, 'A25', 11, 31, 30),
(26, 2, 1, 'A26', 12, 47, 30),
(27, 2, 1, 'A27', 6, 49, 30),
(28, 2, 1, 'A28', 3, 16, 30),
(29, 2, 1, 'A29', 16, 28, 30),
(30, 2, 1, 'A30', 9, 17, 30),
(31, 2, 1, 'A31', 1, 15, 30),
(32, 2, 1, 'A32', 8, 22, 30),
(33, 2, 1, 'A33', 7, 24, 30),
(34, 2, 1, 'A34', 15, 44, 30),
(35, 2, 1, 'A35', 2, 27, 30),
(36, 2, 1, 'A36', 10, 19, 30),
(37, 2, 1, 'A37', 5, 42, 30),
(38, 2, 1, 'A38', 13, 14, 30),
(39, 2, 1, 'A39', 14, 18, 30),
(40, 2, 1, 'A40', 17, 13, 30);

-- --------------------------------------------------------

--
-- Table structure for table `kelas`
--

CREATE TABLE `kelas` (
  `id` int UNSIGNED NOT NULL,
  `sekolah_id` int NOT NULL,
  `kelas` text
) ENGINE=InnoDB DEFAULT CHARSET=utf8mb3;

--
-- Dumping data for table `kelas`
--

INSERT INTO `kelas` (`id`, `sekolah_id`, `kelas`) VALUES
(1, 1, 'I.1'),
(2, 1, 'I.2'),
(3, 1, 'I.3'),
(4, 1, 'I.4'),
(5, 1, 'I.5'),
(6, 1, 'I.6'),
(7, 1, 'II.1/VII.1'),
(8, 1, 'II.2/VII.2'),
(9, 1, 'II.3/VII.3'),
(10, 1, 'II.4/VII.4'),
(11, 1, 'II.5/VII.5'),
(12, 1, 'II.6/VII.6'),
(13, 1, 'II.7/VII.7'),
(14, 1, 'III.1/VIII.1'),
(15, 1, 'III.2/VIII.2'),
(16, 1, 'III.3/VIII.3'),
(17, 1, 'III.4/VIII.4'),
(18, 1, 'III.5/VIII.5'),
(19, 1, 'III.6/VIII.6'),
(20, 1, 'IV.1/IX.1'),
(21, 1, 'IV.2/IX.2'),
(22, 1, 'IV.3/IX.3'),
(23, 1, 'IV.4/IX.4'),
(24, 1, 'IV.5/IX.5'),
(25, 2, '5-1'),
(26, 2, '5-2'),
(27, 2, '5-3'),
(28, 2, '5-4'),
(29, 2, '5-5'),
(30, 2, '6-1'),
(31, 2, '6-2'),
(32, 2, '6-3'),
(33, 2, '6-4'),
(34, 2, '6-5'),
(35, 2, '7-1'),
(36, 2, '7-2'),
(37, 2, '7-3'),
(38, 2, '7-4'),
(39, 2, '7-5');

-- --------------------------------------------------------

--
-- Table structure for table `kriteria`
--

CREATE TABLE `kriteria` (
  `id` int UNSIGNED NOT NULL,
  `kode` varchar(30) NOT NULL,
  `kriteria` varchar(100) NOT NULL,
  `bobot` varchar(30) NOT NULL
) ENGINE=InnoDB DEFAULT CHARSET=utf8mb3;

--
-- Dumping data for table `kriteria`
--

INSERT INTO `kriteria` (`id`, `kode`, `kriteria`, `bobot`) VALUES
(1, 'C1', 'Kemampuan Memberikan Apresiasi / Pendahuluan KBM', '5'),
(2, 'C2', 'Penguasaan Materi Pelajaran', '15'),
(3, 'C3', 'Kemampuan Menerapkan Strategi Pembelajaran Yang Mendidik', '10'),
(4, 'C4', 'Menerapkan Pendekatan Keterampilan Hidup Abad 21', '5'),
(5, 'C5', 'Guru Melaksanakan Penilaian Autentik', '5'),
(6, 'C6', 'Pemanfaatan Media Dalam Pembelajaran', '5'),
(7, 'C7', 'Pelibatan Peserta Didik Dalam Pembelajaran', '5'),
(8, 'C8', 'Perilaku Sehari-hari', '10'),
(9, 'C9', 'Perilaku Profesional', '10'),
(10, 'C10', 'Menunjukkan pribadi yang dewasa dan teladan', '10'),
(11, 'C11', 'Komunikasi dengan sesama guru,tenaga kependidikan,orang tua peserta didik dan masyarakat.', '10'),
(12, 'C12', 'Bersikap inklusif, bertindak objektif, serta tidak Diskriminatif', '10');

-- --------------------------------------------------------

--
-- Table structure for table `kriteria_skor`
--

CREATE TABLE `kriteria_skor` (
  `id` int NOT NULL,
  `keterangan` varchar(60) CHARACTER SET utf8mb4 COLLATE utf8mb4_0900_ai_ci NOT NULL,
  `skor` varchar(30) NOT NULL
) ENGINE=InnoDB DEFAULT CHARSET=utf8mb4 COLLATE=utf8mb4_0900_ai_ci;

--
-- Dumping data for table `kriteria_skor`
--

INSERT INTO `kriteria_skor` (`id`, `keterangan`, `skor`) VALUES
(1, 'Tidak Memenuhi Satandar', '1'),
(2, 'Kurang dari Standar\n', '2'),
(3, 'Memenuhi dari Standar\n', '3'),
(4, 'Melebihi dari Standar\n', '4'),
(5, 'Tidak Pernah (TP)', '1'),
(6, 'Kadang-kadang (KD)', '2'),
(7, 'Sering (SR)', '3');

-- --------------------------------------------------------

--
-- Table structure for table `kriteria_sub`
--

CREATE TABLE `kriteria_sub` (
  `id` int UNSIGNED NOT NULL,
  `kriteria_id` int NOT NULL,
  `sub_kriteria` text
) ENGINE=InnoDB DEFAULT CHARSET=utf8mb3;

--
-- Dumping data for table `kriteria_sub`
--

INSERT INTO `kriteria_sub` (`id`, `kriteria_id`, `sub_kriteria`) VALUES
(1, 1, 'Menyiapkan fisik dan psikis peserta didik dalam mengawali kegiatan pembelajaran'),
(2, 1, 'Mengaitkan materi pembelajaran sekarang dengan pengalaman belajar peserta didik'),
(3, 1, 'Memotivasi siswa dengan mengaitkan pentingnya materi dengan tantangan nyata kehidupan siswa'),
(4, 1, 'Menantang siswa dengan merumuskan masalah, siswa merumuskan pertanyaan yang akan diselesaikan dalam kegiatan belajar.'),
(5, 1, 'Menyampaikan Tujuan pembelajaran atau kompetensi yang hendak diwujudkan'),
(6, 1, 'Membahas rencana kegiatan belajar untuk menjawab masalah yang telah siswa rumuskan '),
(7, 2, 'Menyesuaikan materi dengan tujuan yang hendak dicapai'),
(8, 2, 'Mengaitkan materi dengan konteks kehidupan siswa'),
(9, 2, 'Menyajikan materi secara sistematis yang meliputi (input, proses, output)'),
(10, 2, 'Menyajikan materi dari mudah ke sukar atau konkrit ke abstrak, atau dekat ke jauh pada kehidupan siswa'),
(11, 3, 'Mengarahkan kegiatan belajar untuk mencapai kompetensi yang rencanakan'),
(12, 3, 'Melaksanakan pembelajaran sesuai skenario yang memuat komponen eksplorasi, elaborasi dan konfirmasi'),
(13, 3, 'Memfasilitasi seluruh siswa mendapatkan pengalaman belajar (misalnya : berfikir kritis, berkolaborasi, berkomunikasi dan berkreasi)'),
(14, 3, 'Memfasilitasi siswa beraktifitas atau berkarya untuk menjawab masalah pembelajaran.'),
(15, 3, 'Melaksanakan pembelajaran yang mendorong siswa aktif mengembangkan potensi dirinya.'),
(16, 3, 'Meningkatkan siswa aktif mengembangkan kebiasaan positif'),
(17, 3, 'Melaksanakan pembelajaran sesuai alokasi waktu'),
(18, 3, 'Menggunakan bahasa yang baik dan benar'),
(19, 4, 'Mengintegrasikan keterampilan hidup abad 21 critical thinking'),
(20, 4, 'Mengintegrasikan keterampilan hidup abad 21 creativity'),
(21, 4, 'Mengintegrasikan keterampilan hidup abad 21 collaboration'),
(22, 4, 'Mengintegrasikan keterampilan hidup abad 21 communication'),
(23, 4, 'Mengembangkan peluang siswa aktif mencoba mengolah informasi yang telah mereka himpun untuk memecahkan masalah.'),
(24, 4, 'Mengembangkan peluang siswa menyampaikan belajarnya untuk menyampaikan tanggapan dari teman kelasnya.'),
(25, 5, 'Mengamati sikap dan perilaku peserta didik dalam mengikuti pembelajaran.'),
(26, 5, 'Melakukan penilaian keterampilan peserta didik dalam melakukan aktifitas individu / kelompok.'),
(27, 5, 'Mendokumentasikan hasil pengamatan sikap, perilaku dan keterampilan peserta didik.'),
(28, 6, 'Menunjukkan keterampilan dalam penggunaan sumber belajar pembelajaran.'),
(29, 6, 'Menghasilkan pesan yang menarik.'),
(30, 6, 'Menyediakan peluang siswa menggunakan sumber belajar dari alam sekitar.'),
(31, 6, 'Menyediakan peluang siswa menggunakan media belajar yang sesuai dengan kebutuhan belajar.'),
(32, 7, 'Membangun peluang siswa aktif menanya.'),
(33, 7, 'Membangun peluang siswa aktif menjawab.'),
(34, 7, 'Membangun peluang siswa aktif berpendapat.'),
(35, 7, 'Membangun peluang siswa aktif mengomentari pendapat.'),
(36, 8, 'Guru menaati peraturan yang berlaku disekolah'),
(37, 8, 'Guru bekerja sesuai  jadwal yang ditetapkan'),
(38, 8, 'Guru Bersedia Menerima kritik dan saran dari saya dan guru lain'),
(39, 9, 'Guru memiliki kemampuan dan keterampilan Teknologi Informasi (TI) yang memadai'),
(40, 9, 'Guru ada disekolah meskipun tidak mengajar di kelas'),
(41, 9, 'Guru memberikan tugas kepada siswa apabila berhalangan hadir untuk mengajar'),
(42, 10, 'Guru bertingkah laku sopan dalam berbicara, berpenampilan, dan berbuat terhadap semua peserta didik, orang tua, dan teman sejawat.'),
(43, 10, 'Guru mau membagi pengalamannya dengan teman sejawat, termasuk mengundang mereka untuk mengobservasi cara mengajarnya dan memberikan masukan.'),
(44, 10, 'Guru mampu mengelola pembelajaran yang membuktikan bahwa guru dihormati oleh peserta didik, sehingga semua peserta didik selalu memperhatikan guru dan berpartisipasi aktif dalam proses pembelajaran.'),
(45, 10, 'Guru bersikap dewasa dalam menerima masukan dari peserta didik dan memberikan kesempatan kepada peserta didik untuk berpartisipasi dalam proses pembelajaran.'),
(46, 10, 'Guru berperilaku baik untuk mencitrakan nama baik sekolah.'),
(47, 11, 'Guru menyampaikan informasi tentang kemajuan, kesulitan, dan potensi peserta didik kepada orang tuanya, baik dalam pertemuan formal maupun tidak formal antara guru dan orang tua, teman sejawat, dan dapat menunjukkan buktinya.'),
(48, 11, 'Guru ikut berperan aktif dalam kegiatan di luar pembelajaran yang diselenggarakan oleh sekolah dan masyarakat dan dapat memberikan bukti keikutsertaannya.'),
(49, 11, 'Guru memperhatikan sekolah sebagai bagian dari masyarakat, berkomunikasi dengan masyarakat sekitar, serta berperan dalam kegiatan sosial di masyarakat.'),
(50, 12, 'Guru memperlakukan semua peserta didik secara adil, memberikan perhatian dan bantuan sesuai kebutuhan masing-masing, tanpa memperdulikan faktor personal.'),
(51, 12, 'Guru menjaga hubungan baik dan peduli dengan teman sejawat (bersifat inklusif), serta berkontribusi positif terhadap semua diskusi formal dan informal terkait dengan pekerjaannya.'),
(52, 12, 'Guru sering berinteraksi dengan peserta didik dan tidak membatasi perhatiannya hanya pada kelompok tertentu (misalnya: peserta didik yang pandai, kaya, berasal dari daerah yang sama dengan guru).');

-- --------------------------------------------------------

--
-- Table structure for table `mapel`
--

CREATE TABLE `mapel` (
  `id` int UNSIGNED NOT NULL,
  `mapel` varchar(100) NOT NULL
) ENGINE=InnoDB DEFAULT CHARSET=utf8mb3;

--
-- Dumping data for table `mapel`
--

INSERT INTO `mapel` (`id`, `mapel`) VALUES
(1, 'Al-Qur\'an / Adillah Fiqh'),
(2, 'Tajwid / Tahsinul Qiraah'),
(3, 'Tahfidzh al-Qur\'an'),
(4, 'Hadits'),
(5, 'Nahwu'),
(6, 'Sharaf'),
(7, 'Al Jurumiah'),
(8, 'Tahqiq Al-Miftah'),
(9, 'Tasmi\' Al Miftah'),
(10, 'Tasmi\' Sharaf'),
(11, 'Tarekh'),
(12, 'SKI'),
(13, 'Balaghah'),
(14, 'Ushul Fiqh'),
(15, 'Qawa\'id al-Fiqhiyah'),
(16, 'Mazahib'),
(17, 'Mantiq'),
(18, 'Ilmu Tafsir'),
(19, 'Ilmu Hadits'),
(20, 'Ketarbiyahan'),
(21, 'BAM'),
(22, 'Tauhid'),
(23, 'Akidah Akhlak'),
(24, 'Ilmu Kalam'),
(25, 'Akhlak / Tashauf'),
(26, 'Akhlak (IIK)'),
(27, 'Fiqih'),
(28, 'Fiqih Syariah'),
(29, 'Pengetahuan Sosial'),
(30, 'PPKN'),
(31, 'Sejarah Nasional'),
(32, 'Geografi'),
(33, 'Ekonomi'),
(34, 'Sosiologi'),
(35, 'Pengetahuan Alam'),
(36, 'Matematika'),
(37, 'Fisika'),
(38, 'Biologi'),
(39, 'Kimia'),
(40, 'Tafsir-Ilmu Tafsir'),
(41, 'Hadits-Ilmu Hadits'),
(42, 'Fikih-Ushul Fikih'),
(43, 'Bahasa Indonesia'),
(44, 'Bahasa Inggris'),
(45, 'Bahasa Arab'),
(46, 'Praktek Ibadah'),
(47, 'Matematika Peminatan'),
(48, 'Sejarah Peminatan'),
(49, 'Bahasa Arab Peminatan'),
(50, 'INFORMATIKA'),
(51, 'Al-Qur\'an Hadits');

-- --------------------------------------------------------

--
-- Table structure for table `nilai_alternatif`
--

CREATE TABLE `nilai_alternatif` (
  `id` int UNSIGNED NOT NULL,
  `sekolah_id` int DEFAULT NULL,
  `periode_id` int DEFAULT NULL,
  `penilai_id` int DEFAULT NULL,
  `guru_mapel_id` int DEFAULT NULL,
  `kriteria_id` int DEFAULT NULL,
  `skor` double DEFAULT NULL,
  `tgl_penilaian` date DEFAULT NULL
) ENGINE=InnoDB DEFAULT CHARSET=utf8mb4 COLLATE=utf8mb4_0900_ai_ci;

--
-- Dumping data for table `nilai_alternatif`
--

INSERT INTO `nilai_alternatif` (`id`, `sekolah_id`, `periode_id`, `penilai_id`, `guru_mapel_id`, `kriteria_id`, `skor`, `tgl_penilaian`) VALUES
(2, 1, 1, 2, 1, 2, 14, '2023-09-11'),
(3, 1, 1, 2, 1, 3, 22, '2023-09-06'),
(4, 1, 1, 2, 1, 4, 16, '2023-08-29'),
(5, 1, 1, 2, 1, 5, 8, '2023-09-06'),
(6, 1, 1, 2, 1, 6, 13, '2023-08-29'),
(7, 1, 1, 2, 1, 7, 12, '2023-09-10'),
(8, 1, 1, 2, 1, 8, 10, '2023-09-10'),
(9, 1, 1, 2, 1, 9, 12, '2023-09-10'),
(10, 1, 1, 2, 1, 10, 18, '2023-09-10'),
(11, 1, 1, 2, 1, 11, 11, '2023-09-10'),
(12, 1, 1, 2, 1, 12, 10, '2023-09-10'),
(13, 1, 1, 2, 2, 1, 18, '2023-09-06'),
(14, 1, 1, 2, 2, 2, 15, '2023-09-10'),
(15, 1, 1, 2, 2, 3, 20, '2023-08-29'),
(16, 1, 1, 2, 2, 4, 14, '2023-09-06'),
(17, 1, 1, 2, 2, 5, 6, '2023-09-06'),
(18, 1, 1, 2, 2, 6, 12, '2023-09-06'),
(19, 1, 1, 2, 2, 7, 11, '2023-09-06'),
(20, 1, 1, 2, 2, 8, 11, '2023-09-10'),
(21, 1, 1, 2, 2, 9, 10, '2023-09-10'),
(22, 1, 1, 2, 2, 10, 14, '2023-09-06'),
(23, 1, 1, 2, 2, 11, 10, '2023-09-06'),
(24, 1, 1, 2, 2, 12, 9, '2023-09-10'),
(25, 1, 1, 2, 3, 1, 17, '2023-09-07'),
(26, 1, 1, 2, 3, 2, 15, '2023-09-10'),
(27, 1, 1, 2, 3, 3, 23, '2023-09-06'),
(28, 1, 1, 2, 3, 4, 20, '2023-09-10'),
(29, 1, 1, 2, 3, 5, 9, '2023-09-06'),
(30, 1, 1, 2, 3, 6, 14, '2023-09-10'),
(31, 1, 1, 2, 3, 7, 10, '2023-09-10'),
(32, 1, 1, 2, 3, 8, 12, '2023-09-10'),
(33, 1, 1, 2, 3, 9, 11, '2023-09-10'),
(34, 1, 1, 2, 3, 10, 12, '2023-09-06'),
(35, 1, 1, 2, 3, 11, 10, '2023-09-10'),
(36, 1, 1, 2, 3, 12, 10, '2023-09-10'),
(37, 1, 1, 2, 4, 1, 19, '2023-09-10'),
(38, 1, 1, 2, 4, 2, 12, '2023-09-10'),
(39, 1, 1, 2, 4, 3, 20, '2023-09-10'),
(40, 1, 1, 2, 4, 4, 16, '2023-09-06'),
(41, 1, 1, 2, 4, 5, 8, '2023-09-06'),
(42, 1, 1, 2, 4, 6, 12, '2023-09-10'),
(43, 1, 1, 2, 4, 7, 11, '2023-09-06'),
(44, 1, 1, 2, 4, 8, 10, '2023-09-10'),
(45, 1, 1, 2, 4, 9, 10, '2023-09-06'),
(46, 1, 1, 2, 4, 10, 14, '2023-09-06'),
(47, 1, 1, 2, 4, 11, 11, '2023-09-10'),
(48, 1, 1, 2, 4, 12, 11, '2023-09-10'),
(49, 1, 1, 2, 5, 1, 23, '2023-09-10'),
(50, 1, 1, 2, 5, 2, 16, '2023-09-10'),
(51, 1, 1, 2, 5, 3, 30, '2023-09-10'),
(52, 1, 1, 2, 5, 4, 22, '2023-09-10'),
(53, 1, 1, 2, 5, 5, 11, '2023-09-10'),
(54, 1, 1, 2, 5, 6, 15, '2023-09-10'),
(55, 1, 1, 2, 5, 7, 15, '2023-09-10'),
(56, 1, 1, 2, 5, 8, 11, '2023-09-10'),
(57, 1, 1, 2, 5, 9, 10, '2023-09-10'),
(58, 1, 1, 2, 5, 10, 18, '2023-09-06'),
(59, 1, 1, 2, 5, 11, 12, '2023-09-06'),
(60, 1, 1, 2, 5, 12, 10, '2023-09-06'),
(61, 1, 1, 2, 6, 1, 23, '2023-09-10'),
(62, 1, 1, 2, 6, 2, 10, '2023-09-06'),
(63, 1, 1, 2, 6, 3, 10, '2023-09-10'),
(64, 1, 1, 2, 6, 4, 18, '2023-09-10'),
(65, 1, 1, 2, 6, 5, 10, '2023-09-06'),
(66, 1, 1, 2, 6, 6, 13, '2023-09-10'),
(67, 1, 1, 2, 6, 7, 16, '2023-09-06'),
(68, 1, 1, 2, 6, 8, 10, '2023-09-06'),
(69, 1, 1, 2, 6, 9, 12, '2023-09-10'),
(70, 1, 1, 2, 6, 10, 17, '2023-09-10'),
(71, 1, 1, 2, 6, 11, 10, '2023-09-06'),
(72, 1, 1, 2, 6, 12, 12, '2023-09-06'),
(73, 1, 1, 2, 7, 1, 18, '2023-09-10'),
(74, 1, 1, 2, 7, 2, 14, '2023-09-10'),
(75, 1, 1, 2, 7, 3, 22, '2023-09-10'),
(76, 1, 1, 2, 7, 4, 17, '2023-09-10'),
(77, 1, 1, 2, 7, 5, 3, '2023-09-10'),
(78, 1, 1, 2, 7, 6, 12, '2023-09-10'),
(79, 1, 1, 2, 7, 7, 12, '2023-09-06'),
(80, 1, 1, 2, 7, 8, 11, '2023-09-06'),
(81, 1, 1, 2, 7, 9, 10, '2023-09-10'),
(82, 1, 1, 2, 7, 10, 14, '2023-09-06'),
(83, 1, 1, 2, 7, 11, 10, '2023-09-10'),
(84, 1, 1, 2, 7, 12, 10, '2023-09-06'),
(85, 1, 1, 2, 8, 1, 15, '2023-09-10'),
(86, 1, 1, 2, 8, 2, 14, '2023-09-06'),
(87, 1, 1, 2, 8, 3, 30, '2023-09-10'),
(88, 1, 1, 2, 8, 4, 16, '2023-09-06'),
(89, 1, 1, 2, 8, 5, 11, '2023-09-06'),
(90, 1, 1, 2, 8, 6, 12, '2023-09-06'),
(91, 1, 1, 2, 8, 7, 14, '2023-09-10'),
(92, 1, 1, 2, 8, 8, 10, '2023-09-10'),
(93, 1, 1, 2, 8, 9, 10, '2023-09-06'),
(94, 1, 1, 2, 8, 10, 19, '2023-09-10'),
(95, 1, 1, 2, 8, 11, 11, '2023-09-10'),
(96, 1, 1, 2, 8, 12, 9, '2023-09-10'),
(97, 1, 1, 2, 9, 1, 20, '2023-09-10'),
(98, 1, 1, 2, 9, 2, 15, '2023-09-10'),
(99, 1, 1, 2, 9, 3, 21, '2023-09-06'),
(100, 1, 1, 2, 9, 4, 15, '2023-09-10'),
(101, 1, 1, 2, 9, 5, 12, '2023-09-06'),
(102, 1, 1, 2, 9, 6, 14, '2023-09-06'),
(103, 1, 1, 2, 9, 7, 12, '2023-09-06'),
(104, 1, 1, 2, 9, 8, 10, '2023-09-06'),
(105, 1, 1, 2, 9, 9, 12, '2023-09-06'),
(106, 1, 1, 2, 9, 10, 20, '2023-09-06'),
(107, 1, 1, 2, 9, 11, 10, '2023-09-10'),
(108, 1, 1, 2, 9, 12, 10, '2023-09-06'),
(109, 1, 1, 2, 10, 1, 20, '2023-09-10'),
(110, 1, 1, 2, 10, 2, 16, '2023-09-06'),
(111, 1, 1, 2, 10, 3, 18, '2023-09-06'),
(112, 1, 1, 2, 10, 4, 17, '2023-09-10'),
(113, 1, 1, 2, 10, 5, 10, '2023-09-06'),
(114, 1, 1, 2, 10, 6, 14, '2023-09-06'),
(115, 1, 1, 2, 10, 7, 14, '2023-09-06'),
(116, 1, 1, 2, 10, 8, 12, '2023-09-06'),
(117, 1, 1, 2, 10, 9, 11, '2023-09-10'),
(118, 1, 1, 2, 10, 10, 16, '2023-09-06'),
(119, 1, 1, 2, 10, 11, 10, '2023-09-06'),
(120, 1, 1, 2, 10, 12, 10, '2023-09-10'),
(121, 1, 1, 2, 11, 1, 23, '2023-09-10'),
(122, 1, 1, 2, 11, 2, 16, '2023-09-10'),
(123, 1, 1, 2, 11, 3, 31, '2023-09-10'),
(124, 1, 1, 2, 11, 4, 23, '2023-09-10'),
(125, 1, 1, 2, 11, 5, 11, '2023-09-10'),
(126, 1, 1, 2, 11, 6, 15, '2023-09-10'),
(127, 1, 1, 2, 11, 7, 15, '2023-09-10'),
(128, 1, 1, 2, 11, 8, 11, '2023-09-10'),
(129, 1, 1, 2, 11, 9, 11, '2023-09-10'),
(130, 1, 1, 2, 11, 10, 19, '2023-09-10'),
(131, 1, 1, 2, 11, 11, 10, '2023-09-10'),
(132, 1, 1, 2, 11, 12, 11, '2023-09-10'),
(133, 1, 1, 2, 12, 1, 18, '2023-09-10'),
(134, 1, 1, 2, 12, 2, 12, '2023-09-10'),
(135, 1, 1, 2, 12, 3, 30, '2023-09-06'),
(136, 1, 1, 2, 12, 4, 20, '2023-09-06'),
(137, 1, 1, 2, 12, 5, 12, '2023-09-06'),
(138, 1, 1, 2, 12, 6, 16, '2023-09-06'),
(139, 1, 1, 2, 12, 7, 10, '2023-09-06'),
(140, 1, 1, 2, 12, 8, 10, '2023-09-06'),
(141, 1, 1, 2, 12, 9, 10, '2023-09-10'),
(142, 1, 1, 2, 12, 10, 20, '2023-09-06'),
(143, 1, 1, 2, 12, 11, 10, '2023-09-06'),
(144, 1, 1, 2, 12, 12, 9, '2023-09-10'),
(145, 1, 1, 2, 13, 1, 22, '2023-09-10'),
(146, 1, 1, 2, 13, 2, 15, '2023-09-10'),
(147, 1, 1, 2, 13, 3, 30, '2023-09-10'),
(148, 1, 1, 2, 13, 4, 23, '2023-09-10'),
(149, 1, 1, 2, 13, 5, 12, '2023-09-06'),
(150, 1, 1, 2, 13, 6, 15, '2023-09-10'),
(151, 1, 1, 2, 13, 7, 13, '2023-09-10'),
(152, 1, 1, 2, 13, 8, 11, '2023-09-06'),
(153, 1, 1, 2, 13, 9, 9, '2023-09-10'),
(154, 1, 1, 2, 13, 10, 19, '2023-09-10'),
(155, 1, 1, 2, 13, 11, 11, '2023-09-10'),
(156, 1, 1, 2, 13, 12, 11, '2023-09-10'),
(157, 1, 1, 2, 14, 1, 22, '2023-09-06'),
(158, 1, 1, 2, 14, 2, 14, '2023-09-06'),
(159, 1, 1, 2, 14, 3, 22, '2023-09-10'),
(160, 1, 1, 2, 14, 4, 20, '2023-09-06'),
(161, 1, 1, 2, 14, 5, 12, '2023-09-06'),
(162, 1, 1, 2, 14, 6, 11, '2023-09-06'),
(163, 1, 1, 2, 14, 7, 14, '2023-09-06'),
(164, 1, 1, 2, 14, 8, 10, '2023-09-10'),
(165, 1, 1, 2, 14, 9, 10, '2023-09-10'),
(166, 1, 1, 2, 14, 10, 16, '2023-09-06'),
(167, 1, 1, 2, 14, 11, 10, '2023-09-10'),
(168, 1, 1, 2, 14, 12, 10, '2023-09-06'),
(169, 1, 1, 2, 15, 1, 20, '2023-09-06'),
(170, 1, 1, 2, 15, 2, 14, '2023-09-06'),
(171, 1, 1, 2, 15, 3, 30, '2023-09-06'),
(172, 1, 1, 2, 15, 4, 22, '2023-09-06'),
(173, 1, 1, 2, 15, 5, 10, '2023-09-06'),
(174, 1, 1, 2, 15, 6, 12, '2023-09-06'),
(175, 1, 1, 2, 15, 7, 10, '2023-09-06'),
(176, 1, 1, 2, 15, 8, 11, '2023-09-10'),
(177, 1, 1, 2, 15, 9, 9, '2023-09-10'),
(178, 1, 1, 2, 15, 10, 16, '2023-09-06'),
(179, 1, 1, 2, 15, 11, 10, '2023-09-06'),
(180, 1, 1, 2, 15, 12, 10, '2023-09-10'),
(181, 1, 1, 2, 16, 1, 21, '2023-09-06'),
(182, 1, 1, 2, 16, 2, 14, '2023-09-06'),
(183, 1, 1, 2, 16, 3, 28, '2023-09-06'),
(184, 1, 1, 2, 16, 4, 18, '2023-09-06'),
(185, 1, 1, 2, 16, 5, 10, '2023-09-06'),
(186, 1, 1, 2, 16, 6, 14, '2023-09-06'),
(187, 1, 1, 2, 16, 7, 15, '2023-09-10'),
(188, 1, 1, 2, 16, 8, 11, '2023-09-10'),
(189, 1, 1, 2, 16, 9, 10, '2023-09-06'),
(190, 1, 1, 2, 16, 10, 18, '2023-09-10'),
(191, 1, 1, 2, 16, 11, 10, '2023-09-10'),
(192, 1, 1, 2, 16, 12, 12, '2023-09-06'),
(193, 1, 1, 2, 17, 1, 20, '2023-09-06'),
(194, 1, 1, 2, 17, 2, 12, '2023-09-06'),
(195, 1, 1, 2, 17, 3, 26, '2023-09-06'),
(196, 1, 1, 2, 17, 4, 16, '2023-09-06'),
(197, 1, 1, 2, 17, 5, 8, '2023-09-06'),
(198, 1, 1, 2, 17, 6, 12, '2023-09-06'),
(199, 1, 1, 2, 17, 7, 13, '2023-09-10'),
(200, 1, 1, 2, 17, 8, 10, '2023-09-10'),
(201, 1, 1, 2, 17, 9, 11, '2023-09-06'),
(202, 1, 1, 2, 17, 10, 15, '2023-09-10'),
(203, 1, 1, 2, 17, 11, 10, '2023-09-10'),
(204, 1, 1, 2, 17, 12, 12, '2023-09-06'),
(205, 1, 1, 2, 18, 1, 18, '2023-09-06'),
(206, 1, 1, 2, 18, 2, 11, '2023-09-10'),
(207, 1, 1, 2, 18, 3, 30, '2023-09-06'),
(208, 1, 1, 2, 18, 4, 20, '2023-09-10'),
(209, 1, 1, 2, 18, 5, 6, '2023-09-06'),
(210, 1, 1, 2, 18, 6, 14, '2023-09-10'),
(211, 1, 1, 2, 18, 7, 12, '2023-09-06'),
(212, 1, 1, 2, 18, 8, 10, '2023-09-10'),
(213, 1, 1, 2, 18, 9, 12, '2023-09-06'),
(214, 1, 1, 2, 18, 10, 20, '2023-09-06'),
(215, 1, 1, 2, 18, 11, 9, '2023-09-10'),
(216, 1, 1, 2, 18, 12, 10, '2023-09-06'),
(217, 1, 1, 2, 19, 1, 22, '2023-09-10'),
(218, 1, 1, 2, 19, 2, 11, '2023-09-10'),
(219, 1, 1, 2, 19, 3, 28, '2023-09-06'),
(220, 1, 1, 2, 19, 4, 19, '2023-09-10'),
(221, 1, 1, 2, 19, 5, 10, '2023-09-06'),
(222, 1, 1, 2, 19, 6, 14, '2023-09-06'),
(223, 1, 1, 2, 19, 7, 14, '2023-09-06'),
(224, 1, 1, 2, 19, 8, 10, '2023-09-10'),
(225, 1, 1, 2, 19, 9, 12, '2023-09-06'),
(226, 1, 1, 2, 19, 10, 18, '2023-09-06'),
(227, 1, 1, 2, 19, 11, 10, '2023-09-06'),
(228, 1, 1, 2, 19, 12, 9, '2023-09-10'),
(229, 1, 1, 2, 20, 1, 20, '2023-09-10'),
(230, 1, 1, 2, 20, 2, 12, '2023-09-10'),
(231, 1, 1, 2, 20, 3, 20, '2023-09-10'),
(232, 1, 1, 2, 20, 4, 14, '2023-09-06'),
(233, 1, 1, 2, 20, 5, 12, '2023-09-06'),
(234, 1, 1, 2, 20, 6, 13, '2023-09-10'),
(235, 1, 1, 2, 20, 7, 12, '2023-09-06'),
(236, 1, 1, 2, 20, 8, 10, '2023-09-06'),
(237, 1, 1, 2, 20, 9, 10, '2023-09-06'),
(238, 1, 1, 2, 20, 10, 16, '2023-09-06'),
(239, 1, 1, 2, 20, 11, 8, '2023-09-06'),
(240, 1, 1, 2, 20, 12, 10, '2023-09-10'),
(241, 2, 1, 3, 21, 1, 22, '2023-09-10'),
(242, 2, 1, 3, 21, 2, 15, '2023-09-10'),
(243, 2, 1, 3, 21, 3, 30, '2023-09-10'),
(244, 2, 1, 3, 21, 4, 22, '2023-09-10'),
(245, 2, 1, 3, 21, 5, 10, '2023-09-10'),
(246, 2, 1, 3, 21, 6, 14, '2023-09-10'),
(247, 2, 1, 3, 21, 7, 14, '2023-09-10'),
(248, 2, 1, 3, 21, 8, 10, '2023-09-10'),
(249, 2, 1, 3, 21, 9, 11, '2023-09-10'),
(250, 2, 1, 3, 21, 10, 18, '2023-09-10'),
(251, 2, 1, 3, 21, 11, 11, '2023-09-10'),
(252, 2, 1, 3, 21, 12, 10, '2023-09-10'),
(253, 2, 1, 3, 22, 1, 21, '2023-09-10'),
(254, 2, 1, 3, 22, 2, 14, '2023-09-10'),
(255, 2, 1, 3, 22, 3, 29, '2023-09-10'),
(256, 2, 1, 3, 22, 4, 18, '2023-09-10'),
(257, 2, 1, 3, 22, 5, 11, '2023-09-10'),
(258, 2, 1, 3, 22, 6, 15, '2023-09-11'),
(259, 2, 1, 3, 22, 7, 12, '2023-09-10'),
(260, 2, 1, 3, 22, 8, 12, '2023-09-10'),
(261, 2, 1, 3, 22, 9, 11, '2023-09-10'),
(262, 2, 1, 3, 22, 10, 15, '2023-09-10'),
(263, 2, 1, 3, 22, 11, 12, '2023-09-10'),
(264, 2, 1, 3, 22, 12, 11, '2023-09-10'),
(265, 2, 1, 3, 23, 1, 20, '2023-09-10'),
(266, 2, 1, 3, 23, 2, 14, '2023-09-10'),
(267, 2, 1, 3, 23, 3, 25, '2023-09-10'),
(268, 2, 1, 3, 23, 4, 18, '2023-09-10'),
(269, 2, 1, 3, 23, 5, 10, '2023-09-10'),
(270, 2, 1, 3, 23, 6, 14, '2023-09-10'),
(271, 2, 1, 3, 23, 7, 15, '2023-09-10'),
(272, 2, 1, 3, 23, 8, 11, '2023-09-10'),
(273, 2, 1, 3, 23, 9, 10, '2023-09-10'),
(274, 2, 1, 3, 23, 10, 14, '2023-09-10'),
(275, 2, 1, 3, 23, 11, 10, '2023-09-10'),
(276, 2, 1, 3, 23, 12, 12, '2023-09-10'),
(277, 2, 1, 3, 24, 1, 22, '2023-09-10'),
(278, 2, 1, 3, 24, 2, 13, '2023-09-10'),
(279, 2, 1, 3, 24, 3, 12, '2023-09-11'),
(280, 2, 1, 3, 24, 4, 20, '2023-09-10'),
(281, 2, 1, 3, 24, 5, 10, '2023-09-10'),
(282, 2, 1, 3, 24, 6, 14, '2023-09-10'),
(283, 2, 1, 3, 24, 7, 16, '2023-09-10'),
(284, 2, 1, 3, 24, 8, 12, '2023-09-10'),
(285, 2, 1, 3, 24, 9, 10, '2023-09-10'),
(286, 2, 1, 3, 24, 10, 18, '2023-09-10'),
(287, 2, 1, 3, 24, 11, 10, '2023-09-10'),
(288, 2, 1, 3, 24, 12, 10, '2023-09-10'),
(289, 2, 1, 3, 25, 1, 23, '2023-09-11'),
(290, 2, 1, 3, 25, 2, 16, '2023-09-11'),
(291, 2, 1, 3, 25, 3, 31, '2023-09-11'),
(292, 2, 1, 3, 25, 4, 23, '2023-09-11'),
(293, 2, 1, 3, 25, 5, 12, '2023-09-11'),
(294, 2, 1, 3, 25, 6, 15, '2023-09-11'),
(295, 2, 1, 3, 25, 7, 15, '2023-09-11'),
(296, 2, 1, 3, 25, 8, 11, '2023-09-11'),
(297, 2, 1, 3, 25, 9, 11, '2023-09-11'),
(298, 2, 1, 3, 25, 10, 19, '2023-09-11'),
(299, 2, 1, 3, 25, 11, 12, '2023-09-11'),
(300, 2, 1, 3, 25, 12, 11, '2023-09-11'),
(301, 2, 1, 3, 26, 1, 20, '2023-09-11'),
(302, 2, 1, 3, 26, 2, 14, '2023-09-11'),
(303, 2, 1, 3, 26, 3, 30, '2023-09-11'),
(304, 2, 1, 3, 26, 4, 22, '2023-09-11'),
(305, 2, 1, 3, 26, 5, 10, '2023-09-11'),
(306, 2, 1, 3, 26, 6, 10, '2023-09-11'),
(307, 2, 1, 3, 26, 7, 12, '2023-09-11'),
(308, 2, 1, 3, 26, 8, 10, '2023-09-11'),
(309, 2, 1, 3, 26, 9, 10, '2023-09-11'),
(310, 2, 1, 3, 26, 10, 20, '2023-09-11'),
(311, 2, 1, 3, 26, 11, 12, '2023-09-11'),
(312, 2, 1, 3, 26, 12, 11, '2023-09-11'),
(313, 2, 1, 3, 27, 1, 16, '2023-09-11'),
(314, 2, 1, 3, 27, 2, 16, '2023-09-11'),
(315, 2, 1, 3, 27, 3, 30, '2023-09-11'),
(316, 2, 1, 3, 27, 4, 20, '2023-09-11'),
(317, 2, 1, 3, 27, 5, 9, '2023-09-11'),
(318, 2, 1, 3, 27, 6, 14, '2023-09-11'),
(319, 2, 1, 3, 27, 7, 10, '2023-09-11'),
(320, 2, 1, 3, 27, 8, 10, '2023-09-11'),
(321, 2, 1, 3, 27, 9, 11, '2023-09-11'),
(322, 2, 1, 3, 27, 10, 18, '2023-09-11'),
(323, 2, 1, 3, 27, 11, 10, '2023-09-11'),
(324, 2, 1, 3, 27, 12, 10, '2023-09-11'),
(325, 2, 1, 3, 28, 1, 22, '2023-09-11'),
(326, 2, 1, 3, 28, 2, 15, '2023-09-11'),
(327, 2, 1, 3, 28, 3, 29, '2023-09-11'),
(328, 2, 1, 3, 28, 4, 21, '2023-09-11'),
(329, 2, 1, 3, 28, 5, 10, '2023-09-11'),
(330, 2, 1, 3, 28, 6, 12, '2023-09-11'),
(331, 2, 1, 3, 28, 7, 15, '2023-09-11'),
(332, 2, 1, 3, 28, 8, 12, '2023-09-11'),
(333, 2, 1, 3, 28, 9, 11, '2023-09-11'),
(334, 2, 1, 3, 28, 10, 16, '2023-09-11'),
(335, 2, 1, 3, 28, 11, 11, '2023-09-11'),
(336, 2, 1, 3, 28, 12, 11, '2023-09-11'),
(337, 2, 1, 3, 29, 1, 22, '2023-09-11'),
(338, 2, 1, 3, 29, 2, 14, '2023-09-11'),
(339, 2, 1, 3, 29, 3, 16, '2023-09-11'),
(340, 2, 1, 3, 29, 4, 24, '2023-09-11'),
(341, 2, 1, 3, 29, 5, 12, '2023-09-11'),
(342, 2, 1, 3, 29, 6, 13, '2023-09-11'),
(343, 2, 1, 3, 29, 7, 11, '2023-09-11'),
(344, 2, 1, 3, 29, 8, 10, '2023-09-11'),
(345, 2, 1, 3, 29, 9, 11, '2023-09-11'),
(346, 2, 1, 3, 29, 10, 14, '2023-09-11'),
(347, 2, 1, 3, 29, 11, 10, '2023-09-11'),
(348, 2, 1, 3, 29, 12, 12, '2023-09-11'),
(349, 2, 1, 3, 30, 1, 20, '2023-09-11'),
(350, 2, 1, 3, 30, 2, 16, '2023-09-11'),
(351, 2, 1, 3, 30, 3, 18, '2023-09-11'),
(352, 2, 1, 3, 30, 4, 16, '2023-09-11'),
(353, 2, 1, 3, 30, 5, 10, '2023-09-11'),
(354, 2, 1, 3, 30, 6, 12, '2023-09-11'),
(355, 2, 1, 3, 30, 7, 12, '2023-09-11'),
(356, 2, 1, 3, 30, 8, 12, '2023-09-11'),
(357, 2, 1, 3, 30, 9, 10, '2023-09-11'),
(358, 2, 1, 3, 30, 10, 13, '2023-09-11'),
(359, 2, 1, 3, 30, 11, 10, '2023-09-11'),
(360, 2, 1, 3, 30, 12, 10, '2023-09-11'),
(361, 2, 1, 3, 31, 1, 22, '2023-09-11'),
(362, 2, 1, 3, 31, 2, 15, '2023-09-11'),
(363, 2, 1, 3, 31, 3, 20, '2023-09-11'),
(364, 2, 1, 3, 31, 4, 18, '2023-09-11'),
(365, 2, 1, 3, 31, 5, 10, '2023-09-11'),
(366, 2, 1, 3, 31, 6, 11, '2023-09-11'),
(367, 2, 1, 3, 31, 7, 10, '2023-09-11'),
(368, 2, 1, 3, 31, 8, 11, '2023-09-11'),
(369, 2, 1, 3, 31, 9, 10, '2023-09-11'),
(370, 2, 1, 3, 31, 10, 14, '2023-09-11'),
(371, 2, 1, 3, 31, 11, 11, '2023-09-11'),
(372, 2, 1, 3, 31, 12, 10, '2023-09-11'),
(373, 2, 1, 3, 32, 1, 24, '2023-09-11'),
(374, 2, 1, 3, 32, 2, 13, '2023-09-11'),
(375, 2, 1, 3, 32, 3, 28, '2023-09-11'),
(376, 2, 1, 3, 32, 4, 20, '2023-09-11'),
(377, 2, 1, 3, 32, 5, 10, '2023-09-11'),
(378, 2, 1, 3, 32, 6, 10, '2023-09-11'),
(379, 2, 1, 3, 32, 7, 12, '2023-09-11'),
(380, 2, 1, 3, 32, 8, 10, '2023-09-11'),
(381, 2, 1, 3, 32, 9, 11, '2023-09-11'),
(382, 2, 1, 3, 32, 10, 18, '2023-09-11'),
(383, 2, 1, 3, 32, 11, 10, '2023-09-11'),
(384, 2, 1, 3, 32, 12, 9, '2023-09-11'),
(385, 2, 1, 3, 33, 1, 23, '2023-09-11'),
(386, 2, 1, 3, 33, 2, 16, '2023-09-11'),
(387, 2, 1, 3, 33, 3, 31, '2023-09-11'),
(388, 2, 1, 3, 33, 4, 22, '2023-09-11'),
(389, 2, 1, 3, 33, 5, 12, '2023-09-11'),
(390, 2, 1, 3, 33, 6, 15, '2023-09-11'),
(391, 2, 1, 3, 33, 7, 15, '2023-09-11'),
(392, 2, 1, 3, 33, 8, 11, '2023-09-11'),
(393, 2, 1, 3, 33, 9, 11, '2023-09-11'),
(394, 2, 1, 3, 33, 10, 19, '2023-09-11'),
(395, 2, 1, 3, 33, 11, 12, '2023-09-11'),
(396, 2, 1, 3, 33, 12, 11, '2023-09-11'),
(397, 2, 1, 3, 34, 1, 22, '2023-09-11'),
(398, 2, 1, 3, 34, 2, 14, '2023-09-11'),
(399, 2, 1, 3, 34, 3, 26, '2023-09-11'),
(400, 2, 1, 3, 34, 4, 15, '2023-09-11'),
(401, 2, 1, 3, 34, 5, 11, '2023-09-11'),
(402, 2, 1, 3, 34, 6, 10, '2023-09-11'),
(403, 2, 1, 3, 34, 7, 16, '2023-09-11'),
(404, 2, 1, 3, 34, 8, 11, '2023-09-11'),
(405, 2, 1, 3, 34, 9, 11, '2023-09-11'),
(406, 2, 1, 3, 34, 10, 19, '2023-09-11'),
(407, 2, 1, 3, 34, 11, 9, '2023-09-11'),
(408, 2, 1, 3, 34, 12, 10, '2023-09-11'),
(409, 2, 1, 3, 35, 1, 23, '2023-09-11'),
(410, 2, 1, 3, 35, 2, 16, '2023-09-11'),
(411, 2, 1, 3, 35, 3, 30, '2023-09-11'),
(412, 2, 1, 3, 35, 4, 22, '2023-09-11'),
(413, 2, 1, 3, 35, 5, 11, '2023-09-11'),
(414, 2, 1, 3, 35, 6, 15, '2023-09-11'),
(415, 2, 1, 3, 35, 7, 15, '2023-09-11'),
(416, 2, 1, 3, 35, 8, 10, '2023-09-11'),
(417, 2, 1, 3, 35, 9, 11, '2023-09-11'),
(418, 2, 1, 3, 35, 10, 19, '2023-09-11'),
(419, 2, 1, 3, 35, 11, 12, '2023-09-11'),
(420, 2, 1, 3, 35, 12, 11, '2023-09-11'),
(421, 2, 1, 3, 36, 1, 20, '2023-09-11'),
(422, 2, 1, 3, 36, 2, 14, '2023-09-11'),
(423, 2, 1, 3, 36, 3, 27, '2023-09-11'),
(424, 2, 1, 3, 36, 4, 22, '2023-09-11'),
(425, 2, 1, 3, 36, 5, 12, '2023-09-11'),
(426, 2, 1, 3, 36, 6, 16, '2023-09-11'),
(427, 2, 1, 3, 36, 7, 11, '2023-09-11'),
(428, 2, 1, 3, 36, 8, 10, '2023-09-11'),
(429, 2, 1, 3, 36, 9, 10, '2023-09-11'),
(430, 2, 1, 3, 36, 10, 16, '2023-09-11'),
(431, 2, 1, 3, 36, 11, 10, '2023-09-11'),
(432, 2, 1, 3, 36, 12, 10, '2023-09-11'),
(433, 2, 1, 3, 37, 1, 24, '2023-09-11'),
(434, 2, 1, 3, 37, 2, 15, '2023-09-11'),
(435, 2, 1, 3, 37, 3, 29, '2023-09-11'),
(436, 2, 1, 3, 37, 4, 21, '2023-09-11'),
(437, 2, 1, 3, 37, 5, 10, '2023-09-11'),
(438, 2, 1, 3, 37, 6, 14, '2023-09-11'),
(439, 2, 1, 3, 37, 7, 14, '2023-09-11'),
(440, 2, 1, 3, 37, 8, 10, '2023-09-11'),
(441, 2, 1, 3, 37, 9, 11, '2023-09-11'),
(442, 2, 1, 3, 37, 10, 16, '2023-09-11'),
(443, 2, 1, 3, 37, 11, 11, '2023-09-11'),
(444, 2, 1, 3, 37, 12, 10, '2023-09-11'),
(445, 2, 1, 3, 38, 1, 22, '2023-09-11'),
(446, 2, 1, 3, 38, 2, 15, '2023-09-11'),
(447, 2, 1, 3, 38, 3, 28, '2023-09-11'),
(448, 2, 1, 3, 38, 4, 18, '2023-09-11'),
(449, 2, 1, 3, 38, 5, 10, '2023-09-11'),
(450, 2, 1, 3, 38, 6, 11, '2023-09-11'),
(451, 2, 1, 3, 38, 7, 11, '2023-09-11'),
(452, 2, 1, 3, 38, 8, 10, '2023-09-11'),
(453, 2, 1, 3, 38, 9, 10, '2023-09-11'),
(454, 2, 1, 3, 38, 10, 20, '2023-09-11'),
(455, 2, 1, 3, 38, 11, 10, '2023-09-11'),
(456, 2, 1, 3, 38, 12, 10, '2023-09-11'),
(457, 2, 1, 3, 39, 1, 20, '2023-09-11'),
(458, 2, 1, 3, 39, 2, 14, '2023-09-11'),
(459, 2, 1, 3, 39, 3, 25, '2023-09-11'),
(460, 2, 1, 3, 39, 4, 16, '2023-09-11'),
(461, 2, 1, 3, 39, 5, 9, '2023-09-11'),
(462, 2, 1, 3, 39, 6, 10, '2023-09-11'),
(463, 2, 1, 3, 39, 7, 14, '2023-09-11'),
(464, 2, 1, 3, 39, 8, 10, '2023-09-11'),
(465, 2, 1, 3, 39, 9, 11, '2023-09-11'),
(466, 2, 1, 3, 39, 10, 20, '2023-09-11'),
(467, 2, 1, 3, 39, 11, 10, '2023-09-11'),
(468, 2, 1, 3, 39, 12, 9, '2023-09-11'),
(469, 2, 1, 3, 40, 1, 18, '2023-09-11'),
(470, 2, 1, 3, 40, 2, 14, '2023-09-11'),
(471, 2, 1, 3, 40, 3, 28, '2023-09-11'),
(472, 2, 1, 3, 40, 4, 20, '2023-09-11'),
(473, 2, 1, 3, 40, 5, 11, '2023-09-11'),
(474, 2, 1, 3, 40, 6, 14, '2023-09-11'),
(475, 2, 1, 3, 40, 7, 15, '2023-09-11'),
(476, 2, 1, 3, 40, 8, 10, '2023-09-11'),
(477, 2, 1, 3, 40, 9, 10, '2023-09-11'),
(478, 2, 1, 3, 40, 10, 18, '2023-09-11'),
(479, 2, 1, 3, 40, 11, 10, '2023-09-11'),
(480, 2, 1, 3, 40, 12, 11, '2023-09-11'),
(482, 1, 1, 2, 1, 1, 23, '2023-09-23');

-- --------------------------------------------------------

--
-- Table structure for table `nilai_alternatif_indikator`
--

CREATE TABLE `nilai_alternatif_indikator` (
  `id` int UNSIGNED NOT NULL,
  `sekolah_id` int DEFAULT NULL,
  `periode_id` int DEFAULT NULL,
  `guru_mapel_id` int DEFAULT NULL,
  `kriteria_id` int DEFAULT NULL,
  `sub_kriteria_id` int DEFAULT NULL,
  `nilai` double DEFAULT NULL
) ENGINE=InnoDB DEFAULT CHARSET=utf8mb4 COLLATE=utf8mb4_0900_ai_ci ROW_FORMAT=DYNAMIC;

--
-- Dumping data for table `nilai_alternatif_indikator`
--

INSERT INTO `nilai_alternatif_indikator` (`id`, `sekolah_id`, `periode_id`, `guru_mapel_id`, `kriteria_id`, `sub_kriteria_id`, `nilai`) VALUES
(7, 1, 1, 1, 2, 7, 4),
(8, 1, 1, 1, 2, 8, 3),
(9, 1, 1, 1, 2, 9, 4),
(10, 1, 1, 1, 2, 10, 3),
(11, 1, 1, 1, 3, 11, 3),
(12, 1, 1, 1, 3, 12, 3),
(13, 1, 1, 1, 3, 13, 3),
(14, 1, 1, 1, 3, 14, 1),
(15, 1, 1, 1, 3, 15, 1),
(16, 1, 1, 1, 3, 16, 3),
(17, 1, 1, 1, 3, 17, 4),
(18, 1, 1, 1, 3, 18, 4),
(19, 1, 1, 1, 4, 19, 3),
(20, 1, 1, 1, 4, 20, 3),
(21, 1, 1, 1, 4, 21, 3),
(22, 1, 1, 1, 4, 22, 3),
(23, 1, 1, 1, 4, 23, 2),
(24, 1, 1, 1, 4, 24, 2),
(25, 1, 1, 1, 5, 25, 3),
(26, 1, 1, 1, 5, 26, 2),
(27, 1, 1, 1, 5, 27, 3),
(28, 1, 1, 1, 6, 28, 3),
(29, 1, 1, 1, 6, 29, 3),
(30, 1, 1, 1, 6, 30, 4),
(31, 1, 1, 1, 6, 31, 3),
(32, 1, 1, 1, 7, 32, 3),
(33, 1, 1, 1, 7, 33, 3),
(34, 1, 1, 1, 7, 34, 3),
(35, 1, 1, 1, 7, 35, 3),
(36, 1, 1, 1, 8, 36, 3),
(37, 1, 1, 1, 8, 37, 4),
(38, 1, 1, 1, 8, 38, 3),
(39, 1, 1, 1, 9, 39, 4),
(40, 1, 1, 1, 9, 40, 4),
(41, 1, 1, 1, 9, 41, 4),
(42, 1, 1, 1, 10, 42, 4),
(43, 1, 1, 1, 10, 43, 3),
(44, 1, 1, 1, 10, 44, 4),
(45, 1, 1, 1, 10, 45, 4),
(46, 1, 1, 1, 10, 46, 3),
(47, 1, 1, 1, 11, 47, 3),
(48, 1, 1, 1, 11, 48, 4),
(49, 1, 1, 1, 11, 49, 4),
(50, 1, 1, 1, 12, 50, 3),
(51, 1, 1, 1, 12, 51, 4),
(52, 1, 1, 1, 12, 52, 3),
(53, 1, 1, 2, 1, 1, 3),
(54, 1, 1, 2, 1, 2, 2),
(55, 1, 1, 2, 1, 3, 3),
(56, 1, 1, 2, 1, 4, 3),
(57, 1, 1, 2, 1, 5, 4),
(58, 1, 1, 2, 1, 6, 3),
(59, 1, 1, 2, 2, 7, 4),
(60, 1, 1, 2, 2, 8, 4),
(61, 1, 1, 2, 2, 9, 3),
(62, 1, 1, 2, 2, 10, 4),
(63, 1, 1, 2, 3, 11, 3),
(64, 1, 1, 2, 3, 12, 2),
(65, 1, 1, 2, 3, 13, 2),
(66, 1, 1, 2, 3, 14, 2),
(67, 1, 1, 2, 3, 15, 3),
(68, 1, 1, 2, 3, 16, 2),
(69, 1, 1, 2, 3, 17, 3),
(70, 1, 1, 2, 3, 18, 3),
(71, 1, 1, 2, 4, 19, 2),
(72, 1, 1, 2, 4, 20, 3),
(73, 1, 1, 2, 4, 21, 3),
(74, 1, 1, 2, 4, 22, 2),
(75, 1, 1, 2, 4, 23, 1),
(76, 1, 1, 2, 4, 24, 3),
(77, 1, 1, 2, 5, 25, 2),
(78, 1, 1, 2, 5, 26, 2),
(79, 1, 1, 2, 5, 27, 2),
(80, 1, 1, 2, 6, 28, 3),
(81, 1, 1, 2, 6, 29, 2),
(82, 1, 1, 2, 6, 30, 3),
(83, 1, 1, 2, 6, 31, 4),
(84, 1, 1, 2, 7, 32, 4),
(85, 1, 1, 2, 7, 33, 3),
(86, 1, 1, 2, 7, 34, 2),
(87, 1, 1, 2, 7, 35, 2),
(88, 1, 1, 2, 8, 36, 4),
(89, 1, 1, 2, 8, 37, 4),
(90, 1, 1, 2, 8, 38, 3),
(91, 1, 1, 2, 9, 39, 3),
(92, 1, 1, 2, 9, 40, 3),
(93, 1, 1, 2, 9, 41, 4),
(94, 1, 1, 2, 10, 42, 3),
(95, 1, 1, 2, 10, 43, 3),
(96, 1, 1, 2, 10, 44, 3),
(97, 1, 1, 2, 10, 45, 3),
(98, 1, 1, 2, 10, 46, 2),
(99, 1, 1, 2, 11, 47, 4),
(100, 1, 1, 2, 11, 48, 2),
(101, 1, 1, 2, 11, 49, 4),
(102, 1, 1, 2, 12, 50, 3),
(103, 1, 1, 2, 12, 51, 3),
(104, 1, 1, 2, 12, 52, 3),
(105, 1, 1, 3, 1, 1, 3),
(106, 1, 1, 3, 1, 2, 3),
(107, 1, 1, 3, 1, 3, 3),
(108, 1, 1, 3, 1, 4, 3),
(109, 1, 1, 3, 1, 5, 3),
(110, 1, 1, 3, 1, 6, 2),
(111, 1, 1, 3, 2, 7, 4),
(112, 1, 1, 3, 2, 8, 4),
(113, 1, 1, 3, 2, 9, 4),
(114, 1, 1, 3, 2, 10, 3),
(115, 1, 1, 3, 3, 11, 3),
(116, 1, 1, 3, 3, 12, 3),
(117, 1, 1, 3, 3, 13, 3),
(118, 1, 1, 3, 3, 14, 3),
(119, 1, 1, 3, 3, 15, 3),
(120, 1, 1, 3, 3, 16, 3),
(121, 1, 1, 3, 3, 17, 3),
(122, 1, 1, 3, 3, 18, 2),
(123, 1, 1, 3, 4, 19, 3),
(124, 1, 1, 3, 4, 20, 3),
(125, 1, 1, 3, 4, 21, 4),
(126, 1, 1, 3, 4, 22, 4),
(127, 1, 1, 3, 4, 23, 3),
(128, 1, 1, 3, 4, 24, 3),
(129, 1, 1, 3, 5, 25, 4),
(130, 1, 1, 3, 5, 26, 3),
(131, 1, 1, 3, 5, 27, 2),
(132, 1, 1, 3, 6, 28, 3),
(133, 1, 1, 3, 6, 29, 3),
(134, 1, 1, 3, 6, 30, 4),
(135, 1, 1, 3, 6, 31, 4),
(136, 1, 1, 3, 7, 32, 3),
(137, 1, 1, 3, 7, 33, 3),
(138, 1, 1, 3, 7, 34, 2),
(139, 1, 1, 3, 7, 35, 2),
(140, 1, 1, 3, 8, 36, 4),
(141, 1, 1, 3, 8, 37, 4),
(142, 1, 1, 3, 8, 38, 4),
(143, 1, 1, 3, 9, 39, 4),
(144, 1, 1, 3, 9, 40, 4),
(145, 1, 1, 3, 9, 41, 3),
(146, 1, 1, 3, 10, 42, 3),
(147, 1, 1, 3, 10, 43, 2),
(148, 1, 1, 3, 10, 44, 3),
(149, 1, 1, 3, 10, 45, 2),
(150, 1, 1, 3, 10, 46, 2),
(151, 1, 1, 3, 11, 47, 3),
(152, 1, 1, 3, 11, 48, 3),
(153, 1, 1, 3, 11, 49, 4),
(154, 1, 1, 3, 12, 50, 3),
(155, 1, 1, 3, 12, 51, 3),
(156, 1, 1, 3, 12, 52, 4),
(157, 1, 1, 4, 1, 1, 3),
(158, 1, 1, 4, 1, 2, 3),
(159, 1, 1, 4, 1, 3, 4),
(160, 1, 1, 4, 1, 4, 4),
(161, 1, 1, 4, 1, 5, 3),
(162, 1, 1, 4, 1, 6, 2),
(163, 1, 1, 4, 2, 7, 3),
(164, 1, 1, 4, 2, 8, 3),
(165, 1, 1, 4, 2, 9, 3),
(166, 1, 1, 4, 2, 10, 3),
(167, 1, 1, 4, 3, 11, 3),
(168, 1, 1, 4, 3, 12, 3),
(169, 1, 1, 4, 3, 13, 2),
(170, 1, 1, 4, 3, 14, 3),
(171, 1, 1, 4, 3, 15, 2),
(172, 1, 1, 4, 3, 16, 2),
(173, 1, 1, 4, 3, 17, 2),
(174, 1, 1, 4, 3, 18, 3),
(175, 1, 1, 4, 4, 19, 2),
(176, 1, 1, 4, 4, 20, 3),
(177, 1, 1, 4, 4, 21, 3),
(178, 1, 1, 4, 4, 22, 3),
(179, 1, 1, 4, 4, 23, 2),
(180, 1, 1, 4, 4, 24, 3),
(181, 1, 1, 4, 5, 25, 3),
(182, 1, 1, 4, 5, 26, 3),
(183, 1, 1, 4, 5, 27, 2),
(184, 1, 1, 4, 6, 28, 3),
(185, 1, 1, 4, 6, 29, 3),
(186, 1, 1, 4, 6, 30, 3),
(187, 1, 1, 4, 6, 31, 3),
(188, 1, 1, 4, 7, 32, 3),
(189, 1, 1, 4, 7, 33, 3),
(190, 1, 1, 4, 7, 34, 3),
(191, 1, 1, 4, 7, 35, 2),
(192, 1, 1, 4, 8, 36, 3),
(193, 1, 1, 4, 8, 37, 3),
(194, 1, 1, 4, 8, 38, 4),
(195, 1, 1, 4, 9, 39, 4),
(196, 1, 1, 4, 9, 40, 3),
(197, 1, 1, 4, 9, 41, 3),
(198, 1, 1, 4, 10, 42, 3),
(199, 1, 1, 4, 10, 43, 3),
(200, 1, 1, 4, 10, 44, 2),
(201, 1, 1, 4, 10, 45, 2),
(202, 1, 1, 4, 10, 46, 4),
(203, 1, 1, 4, 11, 47, 3),
(204, 1, 1, 4, 11, 48, 4),
(205, 1, 1, 4, 11, 49, 4),
(206, 1, 1, 4, 12, 50, 4),
(207, 1, 1, 4, 12, 51, 3),
(208, 1, 1, 4, 12, 52, 4),
(209, 1, 1, 5, 1, 1, 4),
(210, 1, 1, 5, 1, 2, 4),
(211, 1, 1, 5, 1, 3, 4),
(212, 1, 1, 5, 1, 4, 4),
(213, 1, 1, 5, 1, 5, 4),
(214, 1, 1, 5, 1, 6, 3),
(215, 1, 1, 5, 2, 7, 4),
(216, 1, 1, 5, 2, 8, 4),
(217, 1, 1, 5, 2, 9, 4),
(218, 1, 1, 5, 2, 10, 4),
(219, 1, 1, 5, 3, 11, 4),
(220, 1, 1, 5, 3, 12, 4),
(221, 1, 1, 5, 3, 13, 4),
(222, 1, 1, 5, 3, 14, 4),
(223, 1, 1, 5, 3, 15, 4),
(224, 1, 1, 5, 3, 16, 4),
(225, 1, 1, 5, 3, 17, 4),
(226, 1, 1, 5, 3, 18, 2),
(227, 1, 1, 5, 4, 19, 4),
(228, 1, 1, 5, 4, 20, 4),
(229, 1, 1, 5, 4, 21, 3),
(230, 1, 1, 5, 4, 22, 4),
(231, 1, 1, 5, 4, 23, 4),
(232, 1, 1, 5, 4, 24, 3),
(233, 1, 1, 5, 5, 25, 3),
(234, 1, 1, 5, 5, 26, 4),
(235, 1, 1, 5, 5, 27, 4),
(236, 1, 1, 5, 6, 28, 3),
(237, 1, 1, 5, 6, 29, 4),
(238, 1, 1, 5, 6, 30, 4),
(239, 1, 1, 5, 6, 31, 4),
(240, 1, 1, 5, 7, 32, 4),
(241, 1, 1, 5, 7, 33, 4),
(242, 1, 1, 5, 7, 34, 4),
(243, 1, 1, 5, 7, 35, 3),
(244, 1, 1, 5, 8, 36, 4),
(245, 1, 1, 5, 8, 37, 4),
(246, 1, 1, 5, 8, 38, 3),
(247, 1, 1, 5, 9, 39, 4),
(248, 1, 1, 5, 9, 40, 3),
(249, 1, 1, 5, 9, 41, 3),
(250, 1, 1, 5, 10, 42, 4),
(251, 1, 1, 5, 10, 43, 3),
(252, 1, 1, 5, 10, 44, 4),
(253, 1, 1, 5, 10, 45, 4),
(254, 1, 1, 5, 10, 46, 3),
(255, 1, 1, 5, 11, 47, 4),
(256, 1, 1, 5, 11, 48, 4),
(257, 1, 1, 5, 11, 49, 4),
(258, 1, 1, 5, 12, 50, 4),
(259, 1, 1, 5, 12, 51, 3),
(260, 1, 1, 5, 12, 52, 3),
(261, 1, 1, 6, 1, 1, 4),
(262, 1, 1, 6, 1, 2, 4),
(263, 1, 1, 6, 1, 3, 4),
(264, 1, 1, 6, 1, 4, 4),
(265, 1, 1, 6, 1, 5, 4),
(266, 1, 1, 6, 1, 6, 3),
(267, 1, 1, 6, 2, 7, 3),
(268, 1, 1, 6, 2, 8, 3),
(269, 1, 1, 6, 2, 9, 2),
(270, 1, 1, 6, 2, 10, 2),
(271, 1, 1, 6, 3, 11, 1),
(272, 1, 1, 6, 3, 12, 2),
(273, 1, 1, 6, 3, 13, 1),
(274, 1, 1, 6, 3, 14, 1),
(275, 1, 1, 6, 3, 15, 1),
(276, 1, 1, 6, 3, 16, 1),
(277, 1, 1, 6, 3, 17, 2),
(278, 1, 1, 6, 3, 18, 1),
(279, 1, 1, 6, 4, 19, 4),
(280, 1, 1, 6, 4, 20, 4),
(281, 1, 1, 6, 4, 21, 3),
(282, 1, 1, 6, 4, 22, 3),
(283, 1, 1, 6, 4, 23, 2),
(284, 1, 1, 6, 4, 24, 2),
(285, 1, 1, 6, 5, 25, 3),
(286, 1, 1, 6, 5, 26, 3),
(287, 1, 1, 6, 5, 27, 4),
(288, 1, 1, 6, 6, 28, 4),
(289, 1, 1, 6, 6, 29, 3),
(290, 1, 1, 6, 6, 30, 3),
(291, 1, 1, 6, 6, 31, 3),
(292, 1, 1, 6, 7, 32, 4),
(293, 1, 1, 6, 7, 33, 4),
(294, 1, 1, 6, 7, 34, 4),
(295, 1, 1, 6, 7, 35, 4),
(296, 1, 1, 6, 8, 36, 4),
(297, 1, 1, 6, 8, 37, 3),
(298, 1, 1, 6, 8, 38, 3),
(299, 1, 1, 6, 9, 39, 4),
(300, 1, 1, 6, 9, 40, 4),
(301, 1, 1, 6, 9, 41, 4),
(302, 1, 1, 6, 10, 42, 4),
(303, 1, 1, 6, 10, 43, 4),
(304, 1, 1, 6, 10, 44, 3),
(305, 1, 1, 6, 10, 45, 3),
(306, 1, 1, 6, 10, 46, 3),
(307, 1, 1, 6, 11, 47, 4),
(308, 1, 1, 6, 11, 48, 3),
(309, 1, 1, 6, 11, 49, 3),
(310, 1, 1, 6, 12, 50, 4),
(311, 1, 1, 6, 12, 51, 4),
(312, 1, 1, 6, 12, 52, 4),
(313, 1, 1, 7, 1, 1, 4),
(314, 1, 1, 7, 1, 2, 4),
(315, 1, 1, 7, 1, 3, 4),
(316, 1, 1, 7, 1, 4, 2),
(317, 1, 1, 7, 1, 5, 2),
(318, 1, 1, 7, 1, 6, 2),
(319, 1, 1, 7, 2, 7, 3),
(320, 1, 1, 7, 2, 8, 4),
(321, 1, 1, 7, 2, 9, 4),
(322, 1, 1, 7, 2, 10, 3),
(323, 1, 1, 7, 3, 11, 4),
(324, 1, 1, 7, 3, 12, 3),
(325, 1, 1, 7, 3, 13, 4),
(326, 1, 1, 7, 3, 14, 4),
(327, 1, 1, 7, 3, 15, 4),
(328, 1, 1, 7, 3, 16, 1),
(329, 1, 1, 7, 3, 17, 1),
(330, 1, 1, 7, 3, 18, 1),
(331, 1, 1, 7, 4, 19, 4),
(332, 1, 1, 7, 4, 20, 3),
(333, 1, 1, 7, 4, 21, 2),
(334, 1, 1, 7, 4, 22, 2),
(335, 1, 1, 7, 4, 23, 3),
(336, 1, 1, 7, 4, 24, 3),
(337, 1, 1, 7, 5, 25, 1),
(338, 1, 1, 7, 5, 26, 1),
(339, 1, 1, 7, 5, 27, 1),
(340, 1, 1, 7, 6, 28, 3),
(341, 1, 1, 7, 6, 29, 3),
(342, 1, 1, 7, 6, 30, 3),
(343, 1, 1, 7, 6, 31, 3),
(344, 1, 1, 7, 7, 32, 3),
(345, 1, 1, 7, 7, 33, 3),
(346, 1, 1, 7, 7, 34, 3),
(347, 1, 1, 7, 7, 35, 3),
(348, 1, 1, 7, 8, 36, 4),
(349, 1, 1, 7, 8, 37, 3),
(350, 1, 1, 7, 8, 38, 4),
(351, 1, 1, 7, 9, 39, 3),
(352, 1, 1, 7, 9, 40, 3),
(353, 1, 1, 7, 9, 41, 4),
(354, 1, 1, 7, 10, 42, 4),
(355, 1, 1, 7, 10, 43, 3),
(356, 1, 1, 7, 10, 44, 3),
(357, 1, 1, 7, 10, 45, 2),
(358, 1, 1, 7, 10, 46, 2),
(359, 1, 1, 7, 11, 47, 3),
(360, 1, 1, 7, 11, 48, 4),
(361, 1, 1, 7, 11, 49, 3),
(362, 1, 1, 7, 12, 50, 3),
(363, 1, 1, 7, 12, 51, 3),
(364, 1, 1, 7, 12, 52, 4),
(365, 1, 1, 8, 1, 1, 3),
(366, 1, 1, 8, 1, 2, 3),
(367, 1, 1, 8, 1, 3, 2),
(368, 1, 1, 8, 1, 4, 3),
(369, 1, 1, 8, 1, 5, 2),
(370, 1, 1, 8, 1, 6, 2),
(371, 1, 1, 8, 2, 7, 4),
(372, 1, 1, 8, 2, 8, 4),
(373, 1, 1, 8, 2, 9, 3),
(374, 1, 1, 8, 2, 10, 3),
(375, 1, 1, 8, 3, 11, 4),
(376, 1, 1, 8, 3, 12, 4),
(377, 1, 1, 8, 3, 13, 4),
(378, 1, 1, 8, 3, 14, 4),
(379, 1, 1, 8, 3, 15, 4),
(380, 1, 1, 8, 3, 16, 4),
(381, 1, 1, 8, 3, 17, 3),
(382, 1, 1, 8, 3, 18, 3),
(383, 1, 1, 8, 4, 19, 2),
(384, 1, 1, 8, 4, 20, 3),
(385, 1, 1, 8, 4, 21, 3),
(386, 1, 1, 8, 4, 22, 3),
(387, 1, 1, 8, 4, 23, 3),
(388, 1, 1, 8, 4, 24, 2),
(389, 1, 1, 8, 5, 25, 4),
(390, 1, 1, 8, 5, 26, 4),
(391, 1, 1, 8, 5, 27, 3),
(392, 1, 1, 8, 6, 28, 3),
(393, 1, 1, 8, 6, 29, 3),
(394, 1, 1, 8, 6, 30, 3),
(395, 1, 1, 8, 6, 31, 3),
(396, 1, 1, 8, 7, 32, 4),
(397, 1, 1, 8, 7, 33, 4),
(398, 1, 1, 8, 7, 34, 3),
(399, 1, 1, 8, 7, 35, 3),
(400, 1, 1, 8, 8, 36, 3),
(401, 1, 1, 8, 8, 37, 3),
(402, 1, 1, 8, 8, 38, 4),
(403, 1, 1, 8, 9, 39, 3),
(404, 1, 1, 8, 9, 40, 3),
(405, 1, 1, 8, 9, 41, 4),
(406, 1, 1, 8, 10, 42, 4),
(407, 1, 1, 8, 10, 43, 4),
(408, 1, 1, 8, 10, 44, 4),
(409, 1, 1, 8, 10, 45, 4),
(410, 1, 1, 8, 10, 46, 3),
(411, 1, 1, 8, 11, 47, 4),
(412, 1, 1, 8, 11, 48, 3),
(413, 1, 1, 8, 11, 49, 4),
(414, 1, 1, 8, 12, 50, 3),
(415, 1, 1, 8, 12, 51, 3),
(416, 1, 1, 8, 12, 52, 3),
(417, 1, 1, 9, 1, 1, 4),
(418, 1, 1, 9, 1, 2, 3),
(419, 1, 1, 9, 1, 3, 3),
(420, 1, 1, 9, 1, 4, 4),
(421, 1, 1, 9, 1, 5, 4),
(422, 1, 1, 9, 1, 6, 2),
(423, 1, 1, 9, 2, 7, 4),
(424, 1, 1, 9, 2, 8, 4),
(425, 1, 1, 9, 2, 9, 4),
(426, 1, 1, 9, 2, 10, 3),
(427, 1, 1, 9, 3, 11, 3),
(428, 1, 1, 9, 3, 12, 2),
(429, 1, 1, 9, 3, 13, 2),
(430, 1, 1, 9, 3, 14, 2),
(431, 1, 1, 9, 3, 15, 3),
(432, 1, 1, 9, 3, 16, 3),
(433, 1, 1, 9, 3, 17, 3),
(434, 1, 1, 9, 3, 18, 3),
(435, 1, 1, 9, 4, 19, 3),
(436, 1, 1, 9, 4, 20, 3),
(437, 1, 1, 9, 4, 21, 3),
(438, 1, 1, 9, 4, 22, 2),
(439, 1, 1, 9, 4, 23, 2),
(440, 1, 1, 9, 4, 24, 2),
(441, 1, 1, 9, 5, 25, 4),
(442, 1, 1, 9, 5, 26, 4),
(443, 1, 1, 9, 5, 27, 4),
(444, 1, 1, 9, 6, 28, 4),
(445, 1, 1, 9, 6, 29, 4),
(446, 1, 1, 9, 6, 30, 3),
(447, 1, 1, 9, 6, 31, 3),
(448, 1, 1, 9, 7, 32, 3),
(449, 1, 1, 9, 7, 33, 3),
(450, 1, 1, 9, 7, 34, 3),
(451, 1, 1, 9, 7, 35, 3),
(452, 1, 1, 9, 8, 36, 4),
(453, 1, 1, 9, 8, 37, 3),
(454, 1, 1, 9, 8, 38, 3),
(455, 1, 1, 9, 9, 39, 4),
(456, 1, 1, 9, 9, 40, 4),
(457, 1, 1, 9, 9, 41, 4),
(458, 1, 1, 9, 10, 42, 4),
(459, 1, 1, 9, 10, 43, 4),
(460, 1, 1, 9, 10, 44, 4),
(461, 1, 1, 9, 10, 45, 4),
(462, 1, 1, 9, 10, 46, 4),
(463, 1, 1, 9, 11, 47, 3),
(464, 1, 1, 9, 11, 48, 4),
(465, 1, 1, 9, 11, 49, 3),
(466, 1, 1, 9, 12, 50, 3),
(467, 1, 1, 9, 12, 51, 3),
(468, 1, 1, 9, 12, 52, 4),
(469, 1, 1, 10, 1, 1, 4),
(470, 1, 1, 10, 1, 2, 4),
(471, 1, 1, 10, 1, 3, 4),
(472, 1, 1, 10, 1, 4, 4),
(473, 1, 1, 10, 1, 5, 2),
(474, 1, 1, 10, 1, 6, 2),
(475, 1, 1, 10, 2, 7, 4),
(476, 1, 1, 10, 2, 8, 4),
(477, 1, 1, 10, 2, 9, 4),
(478, 1, 1, 10, 2, 10, 4),
(479, 1, 1, 10, 3, 11, 3),
(480, 1, 1, 10, 3, 12, 3),
(481, 1, 1, 10, 3, 13, 2),
(482, 1, 1, 10, 3, 14, 2),
(483, 1, 1, 10, 3, 15, 2),
(484, 1, 1, 10, 3, 16, 2),
(485, 1, 1, 10, 3, 17, 2),
(486, 1, 1, 10, 3, 18, 2),
(487, 1, 1, 10, 4, 19, 2),
(488, 1, 1, 10, 4, 20, 3),
(489, 1, 1, 10, 4, 21, 2),
(490, 1, 1, 10, 4, 22, 4),
(491, 1, 1, 10, 4, 23, 4),
(492, 1, 1, 10, 4, 24, 2),
(493, 1, 1, 10, 5, 25, 3),
(494, 1, 1, 10, 5, 26, 4),
(495, 1, 1, 10, 5, 27, 3),
(496, 1, 1, 10, 6, 28, 4),
(497, 1, 1, 10, 6, 29, 3),
(498, 1, 1, 10, 6, 30, 3),
(499, 1, 1, 10, 6, 31, 4),
(500, 1, 1, 10, 7, 32, 4),
(501, 1, 1, 10, 7, 33, 4),
(502, 1, 1, 10, 7, 34, 3),
(503, 1, 1, 10, 7, 35, 3),
(504, 1, 1, 10, 8, 36, 4),
(505, 1, 1, 10, 8, 37, 4),
(506, 1, 1, 10, 8, 38, 4),
(507, 1, 1, 10, 9, 39, 3),
(508, 1, 1, 10, 9, 40, 4),
(509, 1, 1, 10, 9, 41, 4),
(510, 1, 1, 10, 10, 42, 3),
(511, 1, 1, 10, 10, 43, 3),
(512, 1, 1, 10, 10, 44, 3),
(513, 1, 1, 10, 10, 45, 3),
(514, 1, 1, 10, 10, 46, 4),
(515, 1, 1, 10, 11, 47, 4),
(516, 1, 1, 10, 11, 48, 3),
(517, 1, 1, 10, 11, 49, 3),
(518, 1, 1, 10, 12, 50, 4),
(519, 1, 1, 10, 12, 51, 3),
(520, 1, 1, 10, 12, 52, 3),
(521, 1, 1, 11, 1, 1, 4),
(522, 1, 1, 11, 1, 2, 4),
(523, 1, 1, 11, 1, 3, 4),
(524, 1, 1, 11, 1, 4, 4),
(525, 1, 1, 11, 1, 5, 4),
(526, 1, 1, 11, 1, 6, 3),
(527, 1, 1, 11, 2, 7, 4),
(528, 1, 1, 11, 2, 8, 4),
(529, 1, 1, 11, 2, 9, 4),
(530, 1, 1, 11, 2, 10, 4),
(531, 1, 1, 11, 3, 11, 4),
(532, 1, 1, 11, 3, 12, 4),
(533, 1, 1, 11, 3, 13, 4),
(534, 1, 1, 11, 3, 14, 4),
(535, 1, 1, 11, 3, 15, 4),
(536, 1, 1, 11, 3, 16, 4),
(537, 1, 1, 11, 3, 17, 4),
(538, 1, 1, 11, 3, 18, 3),
(539, 1, 1, 11, 4, 19, 4),
(540, 1, 1, 11, 4, 20, 4),
(541, 1, 1, 11, 4, 21, 4),
(542, 1, 1, 11, 4, 22, 4),
(543, 1, 1, 11, 4, 23, 4),
(544, 1, 1, 11, 4, 24, 3),
(545, 1, 1, 11, 5, 25, 4),
(546, 1, 1, 11, 5, 26, 4),
(547, 1, 1, 11, 5, 27, 3),
(548, 1, 1, 11, 6, 28, 4),
(549, 1, 1, 11, 6, 29, 4),
(550, 1, 1, 11, 6, 30, 3),
(551, 1, 1, 11, 6, 31, 4),
(552, 1, 1, 11, 7, 32, 3),
(553, 1, 1, 11, 7, 33, 4),
(554, 1, 1, 11, 7, 34, 4),
(555, 1, 1, 11, 7, 35, 4),
(556, 1, 1, 11, 8, 36, 4),
(557, 1, 1, 11, 8, 37, 3),
(558, 1, 1, 11, 8, 38, 4),
(559, 1, 1, 11, 9, 39, 4),
(560, 1, 1, 11, 9, 40, 4),
(561, 1, 1, 11, 9, 41, 3),
(562, 1, 1, 11, 10, 42, 4),
(563, 1, 1, 11, 10, 43, 4),
(564, 1, 1, 11, 10, 44, 4),
(565, 1, 1, 11, 10, 45, 4),
(566, 1, 1, 11, 10, 46, 3),
(567, 1, 1, 11, 11, 47, 3),
(568, 1, 1, 11, 11, 48, 3),
(569, 1, 1, 11, 11, 49, 4),
(570, 1, 1, 11, 12, 50, 3),
(571, 1, 1, 11, 12, 51, 4),
(572, 1, 1, 11, 12, 52, 4),
(573, 1, 1, 12, 1, 1, 3),
(574, 1, 1, 12, 1, 2, 4),
(575, 1, 1, 12, 1, 3, 4),
(576, 1, 1, 12, 1, 4, 3),
(577, 1, 1, 12, 1, 5, 3),
(578, 1, 1, 12, 1, 6, 1),
(579, 1, 1, 12, 2, 7, 3),
(580, 1, 1, 12, 2, 8, 3),
(581, 1, 1, 12, 2, 9, 3),
(582, 1, 1, 12, 2, 10, 3),
(583, 1, 1, 12, 3, 11, 3),
(584, 1, 1, 12, 3, 12, 3),
(585, 1, 1, 12, 3, 13, 4),
(586, 1, 1, 12, 3, 14, 4),
(587, 1, 1, 12, 3, 15, 4),
(588, 1, 1, 12, 3, 16, 4),
(589, 1, 1, 12, 3, 17, 4),
(590, 1, 1, 12, 3, 18, 4),
(591, 1, 1, 12, 4, 19, 3),
(592, 1, 1, 12, 4, 20, 3),
(593, 1, 1, 12, 4, 21, 3),
(594, 1, 1, 12, 4, 22, 3),
(595, 1, 1, 12, 4, 23, 4),
(596, 1, 1, 12, 4, 24, 4),
(597, 1, 1, 12, 5, 25, 4),
(598, 1, 1, 12, 5, 26, 4),
(599, 1, 1, 12, 5, 27, 4),
(600, 1, 1, 12, 6, 28, 4),
(601, 1, 1, 12, 6, 29, 4),
(602, 1, 1, 12, 6, 30, 4),
(603, 1, 1, 12, 6, 31, 4),
(604, 1, 1, 12, 7, 32, 3),
(605, 1, 1, 12, 7, 33, 3),
(606, 1, 1, 12, 7, 34, 2),
(607, 1, 1, 12, 7, 35, 2),
(608, 1, 1, 12, 8, 36, 3),
(609, 1, 1, 12, 8, 37, 3),
(610, 1, 1, 12, 8, 38, 4),
(611, 1, 1, 12, 9, 39, 3),
(612, 1, 1, 12, 9, 40, 4),
(613, 1, 1, 12, 9, 41, 3),
(614, 1, 1, 12, 10, 42, 4),
(615, 1, 1, 12, 10, 43, 4),
(616, 1, 1, 12, 10, 44, 4),
(617, 1, 1, 12, 10, 45, 4),
(618, 1, 1, 12, 10, 46, 4),
(619, 1, 1, 12, 11, 47, 4),
(620, 1, 1, 12, 11, 48, 3),
(621, 1, 1, 12, 11, 49, 3),
(622, 1, 1, 12, 12, 50, 3),
(623, 1, 1, 12, 12, 51, 3),
(624, 1, 1, 12, 12, 52, 3),
(625, 1, 1, 13, 1, 1, 4),
(626, 1, 1, 13, 1, 2, 4),
(627, 1, 1, 13, 1, 3, 4),
(628, 1, 1, 13, 1, 4, 4),
(629, 1, 1, 13, 1, 5, 3),
(630, 1, 1, 13, 1, 6, 3),
(631, 1, 1, 13, 2, 7, 4),
(632, 1, 1, 13, 2, 8, 3),
(633, 1, 1, 13, 2, 9, 4),
(634, 1, 1, 13, 2, 10, 4),
(635, 1, 1, 13, 3, 11, 3),
(636, 1, 1, 13, 3, 12, 4),
(637, 1, 1, 13, 3, 13, 4),
(638, 1, 1, 13, 3, 14, 3),
(639, 1, 1, 13, 3, 15, 4),
(640, 1, 1, 13, 3, 16, 4),
(641, 1, 1, 13, 3, 17, 4),
(642, 1, 1, 13, 3, 18, 4),
(643, 1, 1, 13, 4, 19, 4),
(644, 1, 1, 13, 4, 20, 4),
(645, 1, 1, 13, 4, 21, 4),
(646, 1, 1, 13, 4, 22, 3),
(647, 1, 1, 13, 4, 23, 4),
(648, 1, 1, 13, 4, 24, 4),
(649, 1, 1, 13, 5, 25, 4),
(650, 1, 1, 13, 5, 26, 4),
(651, 1, 1, 13, 5, 27, 4),
(652, 1, 1, 13, 6, 28, 4),
(653, 1, 1, 13, 6, 29, 4),
(654, 1, 1, 13, 6, 30, 3),
(655, 1, 1, 13, 6, 31, 4),
(656, 1, 1, 13, 7, 32, 4),
(657, 1, 1, 13, 7, 33, 3),
(658, 1, 1, 13, 7, 34, 3),
(659, 1, 1, 13, 7, 35, 3),
(660, 1, 1, 13, 8, 36, 3),
(661, 1, 1, 13, 8, 37, 4),
(662, 1, 1, 13, 8, 38, 4),
(663, 1, 1, 13, 9, 39, 3),
(664, 1, 1, 13, 9, 40, 3),
(665, 1, 1, 13, 9, 41, 3),
(666, 1, 1, 13, 10, 42, 4),
(667, 1, 1, 13, 10, 43, 4),
(668, 1, 1, 13, 10, 44, 4),
(669, 1, 1, 13, 10, 45, 4),
(670, 1, 1, 13, 10, 46, 3),
(671, 1, 1, 13, 11, 47, 3),
(672, 1, 1, 13, 11, 48, 4),
(673, 1, 1, 13, 11, 49, 4),
(674, 1, 1, 13, 12, 50, 4),
(675, 1, 1, 13, 12, 51, 3),
(676, 1, 1, 13, 12, 52, 4),
(677, 1, 1, 14, 1, 1, 2),
(678, 1, 1, 14, 1, 2, 4),
(679, 1, 1, 14, 1, 3, 4),
(680, 1, 1, 14, 1, 4, 4),
(681, 1, 1, 14, 1, 5, 4),
(682, 1, 1, 14, 1, 6, 4),
(683, 1, 1, 14, 2, 7, 3),
(684, 1, 1, 14, 2, 8, 3),
(685, 1, 1, 14, 2, 9, 4),
(686, 1, 1, 14, 2, 10, 4),
(687, 1, 1, 14, 3, 11, 3),
(688, 1, 1, 14, 3, 12, 3),
(689, 1, 1, 14, 3, 13, 3),
(690, 1, 1, 14, 3, 14, 3),
(691, 1, 1, 14, 3, 15, 3),
(692, 1, 1, 14, 3, 16, 3),
(693, 1, 1, 14, 3, 17, 3),
(694, 1, 1, 14, 3, 18, 1),
(695, 1, 1, 14, 4, 19, 2),
(696, 1, 1, 14, 4, 20, 3),
(697, 1, 1, 14, 4, 21, 3),
(698, 1, 1, 14, 4, 22, 4),
(699, 1, 1, 14, 4, 23, 4),
(700, 1, 1, 14, 4, 24, 4),
(701, 1, 1, 14, 5, 25, 4),
(702, 1, 1, 14, 5, 26, 4),
(703, 1, 1, 14, 5, 27, 4),
(704, 1, 1, 14, 6, 28, 3),
(705, 1, 1, 14, 6, 29, 3),
(706, 1, 1, 14, 6, 30, 3),
(707, 1, 1, 14, 6, 31, 2),
(708, 1, 1, 14, 7, 32, 4),
(709, 1, 1, 14, 7, 33, 4),
(710, 1, 1, 14, 7, 34, 4),
(711, 1, 1, 14, 7, 35, 2),
(712, 1, 1, 14, 8, 36, 3),
(713, 1, 1, 14, 8, 37, 3),
(714, 1, 1, 14, 8, 38, 4),
(715, 1, 1, 14, 9, 39, 3),
(716, 1, 1, 14, 9, 40, 4),
(717, 1, 1, 14, 9, 41, 3),
(718, 1, 1, 14, 10, 42, 4),
(719, 1, 1, 14, 10, 43, 3),
(720, 1, 1, 14, 10, 44, 3),
(721, 1, 1, 14, 10, 45, 3),
(722, 1, 1, 14, 10, 46, 3),
(723, 1, 1, 14, 11, 47, 4),
(724, 1, 1, 14, 11, 48, 3),
(725, 1, 1, 14, 11, 49, 3),
(726, 1, 1, 14, 12, 50, 4),
(727, 1, 1, 14, 12, 51, 3),
(728, 1, 1, 14, 12, 52, 3),
(729, 1, 1, 15, 1, 1, 1),
(730, 1, 1, 15, 1, 2, 3),
(731, 1, 1, 15, 1, 3, 4),
(732, 1, 1, 15, 1, 4, 4),
(733, 1, 1, 15, 1, 5, 4),
(734, 1, 1, 15, 1, 6, 4),
(735, 1, 1, 15, 2, 7, 4),
(736, 1, 1, 15, 2, 8, 4),
(737, 1, 1, 15, 2, 9, 3),
(738, 1, 1, 15, 2, 10, 3),
(739, 1, 1, 15, 3, 11, 4),
(740, 1, 1, 15, 3, 12, 4),
(741, 1, 1, 15, 3, 13, 4),
(742, 1, 1, 15, 3, 14, 4),
(743, 1, 1, 15, 3, 15, 4),
(744, 1, 1, 15, 3, 16, 3),
(745, 1, 1, 15, 3, 17, 4),
(746, 1, 1, 15, 3, 18, 3),
(747, 1, 1, 15, 4, 19, 4),
(748, 1, 1, 15, 4, 20, 4),
(749, 1, 1, 15, 4, 21, 4),
(750, 1, 1, 15, 4, 22, 4),
(751, 1, 1, 15, 4, 23, 3),
(752, 1, 1, 15, 4, 24, 3),
(753, 1, 1, 15, 5, 25, 3),
(754, 1, 1, 15, 5, 26, 4),
(755, 1, 1, 15, 5, 27, 3),
(756, 1, 1, 15, 6, 28, 3),
(757, 1, 1, 15, 6, 29, 3),
(758, 1, 1, 15, 6, 30, 3),
(759, 1, 1, 15, 6, 31, 3),
(760, 1, 1, 15, 7, 32, 3),
(761, 1, 1, 15, 7, 33, 3),
(762, 1, 1, 15, 7, 34, 2),
(763, 1, 1, 15, 7, 35, 2),
(764, 1, 1, 15, 8, 36, 4),
(765, 1, 1, 15, 8, 37, 4),
(766, 1, 1, 15, 8, 38, 3),
(767, 1, 1, 15, 9, 39, 3),
(768, 1, 1, 15, 9, 40, 3),
(769, 1, 1, 15, 9, 41, 3),
(770, 1, 1, 15, 10, 42, 3),
(771, 1, 1, 15, 10, 43, 3),
(772, 1, 1, 15, 10, 44, 3),
(773, 1, 1, 15, 10, 45, 3),
(774, 1, 1, 15, 10, 46, 4),
(775, 1, 1, 15, 11, 47, 3),
(776, 1, 1, 15, 11, 48, 3),
(777, 1, 1, 15, 11, 49, 4),
(778, 1, 1, 15, 12, 50, 4),
(779, 1, 1, 15, 12, 51, 3),
(780, 1, 1, 15, 12, 52, 3),
(781, 1, 1, 16, 1, 1, 3),
(782, 1, 1, 16, 1, 2, 3),
(783, 1, 1, 16, 1, 3, 3),
(784, 1, 1, 16, 1, 4, 4),
(785, 1, 1, 16, 1, 5, 4),
(786, 1, 1, 16, 1, 6, 4),
(787, 1, 1, 16, 2, 7, 4),
(788, 1, 1, 16, 2, 8, 4),
(789, 1, 1, 16, 2, 9, 3),
(790, 1, 1, 16, 2, 10, 3),
(791, 1, 1, 16, 3, 11, 4),
(792, 1, 1, 16, 3, 12, 4),
(793, 1, 1, 16, 3, 13, 3),
(794, 1, 1, 16, 3, 14, 3),
(795, 1, 1, 16, 3, 15, 3),
(796, 1, 1, 16, 3, 16, 3),
(797, 1, 1, 16, 3, 17, 4),
(798, 1, 1, 16, 3, 18, 4),
(799, 1, 1, 16, 4, 19, 3),
(800, 1, 1, 16, 4, 20, 3),
(801, 1, 1, 16, 4, 21, 3),
(802, 1, 1, 16, 4, 22, 3),
(803, 1, 1, 16, 4, 23, 3),
(804, 1, 1, 16, 4, 24, 3),
(805, 1, 1, 16, 5, 25, 4),
(806, 1, 1, 16, 5, 26, 3),
(807, 1, 1, 16, 5, 27, 3),
(808, 1, 1, 16, 6, 28, 3),
(809, 1, 1, 16, 6, 29, 3),
(810, 1, 1, 16, 6, 30, 4),
(811, 1, 1, 16, 6, 31, 4),
(812, 1, 1, 16, 7, 32, 4),
(813, 1, 1, 16, 7, 33, 4),
(814, 1, 1, 16, 7, 34, 4),
(815, 1, 1, 16, 7, 35, 3),
(816, 1, 1, 16, 8, 36, 4),
(817, 1, 1, 16, 8, 37, 4),
(818, 1, 1, 16, 8, 38, 3),
(819, 1, 1, 16, 9, 39, 4),
(820, 1, 1, 16, 9, 40, 3),
(821, 1, 1, 16, 9, 41, 3),
(822, 1, 1, 16, 10, 42, 4),
(823, 1, 1, 16, 10, 43, 4),
(824, 1, 1, 16, 10, 44, 3),
(825, 1, 1, 16, 10, 45, 4),
(826, 1, 1, 16, 10, 46, 3),
(827, 1, 1, 16, 11, 47, 3),
(828, 1, 1, 16, 11, 48, 4),
(829, 1, 1, 16, 11, 49, 3),
(830, 1, 1, 16, 12, 50, 4),
(831, 1, 1, 16, 12, 51, 4),
(832, 1, 1, 16, 12, 52, 4),
(833, 1, 1, 17, 1, 1, 2),
(834, 1, 1, 17, 1, 2, 3),
(835, 1, 1, 17, 1, 3, 3),
(836, 1, 1, 17, 1, 4, 4),
(837, 1, 1, 17, 1, 5, 4),
(838, 1, 1, 17, 1, 6, 4),
(839, 1, 1, 17, 2, 7, 3),
(840, 1, 1, 17, 2, 8, 3),
(841, 1, 1, 17, 2, 9, 3),
(842, 1, 1, 17, 2, 10, 3),
(843, 1, 1, 17, 3, 11, 3),
(844, 1, 1, 17, 3, 12, 3),
(845, 1, 1, 17, 3, 13, 3),
(846, 1, 1, 17, 3, 14, 4),
(847, 1, 1, 17, 3, 15, 4),
(848, 1, 1, 17, 3, 16, 3),
(849, 1, 1, 17, 3, 17, 3),
(850, 1, 1, 17, 3, 18, 3),
(851, 1, 1, 17, 4, 19, 3),
(852, 1, 1, 17, 4, 20, 3),
(853, 1, 1, 17, 4, 21, 3),
(854, 1, 1, 17, 4, 22, 3),
(855, 1, 1, 17, 4, 23, 2),
(856, 1, 1, 17, 4, 24, 2),
(857, 1, 1, 17, 5, 25, 3),
(858, 1, 1, 17, 5, 26, 2),
(859, 1, 1, 17, 5, 27, 3),
(860, 1, 1, 17, 6, 28, 3),
(861, 1, 1, 17, 6, 29, 3),
(862, 1, 1, 17, 6, 30, 3),
(863, 1, 1, 17, 6, 31, 3),
(864, 1, 1, 17, 7, 32, 3),
(865, 1, 1, 17, 7, 33, 3),
(866, 1, 1, 17, 7, 34, 3),
(867, 1, 1, 17, 7, 35, 4),
(868, 1, 1, 17, 8, 36, 4),
(869, 1, 1, 17, 8, 37, 3),
(870, 1, 1, 17, 8, 38, 3),
(871, 1, 1, 17, 9, 39, 4),
(872, 1, 1, 17, 9, 40, 3),
(873, 1, 1, 17, 9, 41, 4),
(874, 1, 1, 17, 10, 42, 3),
(875, 1, 1, 17, 10, 43, 4),
(876, 1, 1, 17, 10, 44, 3),
(877, 1, 1, 17, 10, 45, 3),
(878, 1, 1, 17, 10, 46, 2),
(879, 1, 1, 17, 11, 47, 3),
(880, 1, 1, 17, 11, 48, 4),
(881, 1, 1, 17, 11, 49, 3),
(882, 1, 1, 17, 12, 50, 4),
(883, 1, 1, 17, 12, 51, 4),
(884, 1, 1, 17, 12, 52, 4),
(885, 1, 1, 18, 1, 1, 3),
(886, 1, 1, 18, 1, 2, 3),
(887, 1, 1, 18, 1, 3, 3),
(888, 1, 1, 18, 1, 4, 3),
(889, 1, 1, 18, 1, 5, 3),
(890, 1, 1, 18, 1, 6, 3),
(891, 1, 1, 18, 2, 7, 3),
(892, 1, 1, 18, 2, 8, 3),
(893, 1, 1, 18, 2, 9, 2),
(894, 1, 1, 18, 2, 10, 3),
(895, 1, 1, 18, 3, 11, 4),
(896, 1, 1, 18, 3, 12, 4),
(897, 1, 1, 18, 3, 13, 4),
(898, 1, 1, 18, 3, 14, 4),
(899, 1, 1, 18, 3, 15, 4),
(900, 1, 1, 18, 3, 16, 4),
(901, 1, 1, 18, 3, 17, 3),
(902, 1, 1, 18, 3, 18, 3),
(903, 1, 1, 18, 4, 19, 3),
(904, 1, 1, 18, 4, 20, 4),
(905, 1, 1, 18, 4, 21, 4),
(906, 1, 1, 18, 4, 22, 3),
(907, 1, 1, 18, 4, 23, 3),
(908, 1, 1, 18, 4, 24, 3),
(909, 1, 1, 18, 5, 25, 2),
(910, 1, 1, 18, 5, 26, 2),
(911, 1, 1, 18, 5, 27, 2),
(912, 1, 1, 18, 6, 28, 3),
(913, 1, 1, 18, 6, 29, 3),
(914, 1, 1, 18, 6, 30, 4),
(915, 1, 1, 18, 6, 31, 4),
(916, 1, 1, 18, 7, 32, 3),
(917, 1, 1, 18, 7, 33, 3),
(918, 1, 1, 18, 7, 34, 3),
(919, 1, 1, 18, 7, 35, 3),
(920, 1, 1, 18, 8, 36, 3),
(921, 1, 1, 18, 8, 37, 4),
(922, 1, 1, 18, 8, 38, 3),
(923, 1, 1, 18, 9, 39, 4),
(924, 1, 1, 18, 9, 40, 4),
(925, 1, 1, 18, 9, 41, 4),
(926, 1, 1, 18, 10, 42, 4),
(927, 1, 1, 18, 10, 43, 4),
(928, 1, 1, 18, 10, 44, 4),
(929, 1, 1, 18, 10, 45, 4),
(930, 1, 1, 18, 10, 46, 4),
(931, 1, 1, 18, 11, 47, 4),
(932, 1, 1, 18, 11, 48, 2),
(933, 1, 1, 18, 11, 49, 3),
(934, 1, 1, 18, 12, 50, 3),
(935, 1, 1, 18, 12, 51, 4),
(936, 1, 1, 18, 12, 52, 3),
(937, 1, 1, 19, 1, 1, 4),
(938, 1, 1, 19, 1, 2, 4),
(939, 1, 1, 19, 1, 3, 4),
(940, 1, 1, 19, 1, 4, 3),
(941, 1, 1, 19, 1, 5, 3),
(942, 1, 1, 19, 1, 6, 4),
(943, 1, 1, 19, 2, 7, 2),
(944, 1, 1, 19, 2, 8, 3),
(945, 1, 1, 19, 2, 9, 4),
(946, 1, 1, 19, 2, 10, 2),
(947, 1, 1, 19, 3, 11, 3),
(948, 1, 1, 19, 3, 12, 3),
(949, 1, 1, 19, 3, 13, 3),
(950, 1, 1, 19, 3, 14, 4),
(951, 1, 1, 19, 3, 15, 4),
(952, 1, 1, 19, 3, 16, 4),
(953, 1, 1, 19, 3, 17, 4),
(954, 1, 1, 19, 3, 18, 3),
(955, 1, 1, 19, 4, 19, 4),
(956, 1, 1, 19, 4, 20, 4),
(957, 1, 1, 19, 4, 21, 4),
(958, 1, 1, 19, 4, 22, 4),
(959, 1, 1, 19, 4, 23, 2),
(960, 1, 1, 19, 4, 24, 1),
(961, 1, 1, 19, 5, 25, 3),
(962, 1, 1, 19, 5, 26, 4),
(963, 1, 1, 19, 5, 27, 3),
(964, 1, 1, 19, 6, 28, 4),
(965, 1, 1, 19, 6, 29, 4),
(966, 1, 1, 19, 6, 30, 3),
(967, 1, 1, 19, 6, 31, 3),
(968, 1, 1, 19, 7, 32, 4),
(969, 1, 1, 19, 7, 33, 4),
(970, 1, 1, 19, 7, 34, 3),
(971, 1, 1, 19, 7, 35, 3),
(972, 1, 1, 19, 8, 36, 3),
(973, 1, 1, 19, 8, 37, 4),
(974, 1, 1, 19, 8, 38, 3),
(975, 1, 1, 19, 9, 39, 4),
(976, 1, 1, 19, 9, 40, 4),
(977, 1, 1, 19, 9, 41, 4),
(978, 1, 1, 19, 10, 42, 3),
(979, 1, 1, 19, 10, 43, 4),
(980, 1, 1, 19, 10, 44, 4),
(981, 1, 1, 19, 10, 45, 4),
(982, 1, 1, 19, 10, 46, 3),
(983, 1, 1, 19, 11, 47, 4),
(984, 1, 1, 19, 11, 48, 3),
(985, 1, 1, 19, 11, 49, 3),
(986, 1, 1, 19, 12, 50, 3),
(987, 1, 1, 19, 12, 51, 3),
(988, 1, 1, 19, 12, 52, 3),
(989, 1, 1, 20, 1, 1, 4),
(990, 1, 1, 20, 1, 2, 3),
(991, 1, 1, 20, 1, 3, 4),
(992, 1, 1, 20, 1, 4, 4),
(993, 1, 1, 20, 1, 5, 3),
(994, 1, 1, 20, 1, 6, 2),
(995, 1, 1, 20, 2, 7, 3),
(996, 1, 1, 20, 2, 8, 3),
(997, 1, 1, 20, 2, 9, 3),
(998, 1, 1, 20, 2, 10, 3),
(999, 1, 1, 20, 3, 11, 3),
(1000, 1, 1, 20, 3, 12, 3),
(1001, 1, 1, 20, 3, 13, 4),
(1002, 1, 1, 20, 3, 14, 3),
(1003, 1, 1, 20, 3, 15, 2),
(1004, 1, 1, 20, 3, 16, 3),
(1005, 1, 1, 20, 3, 17, 1),
(1006, 1, 1, 20, 3, 18, 1),
(1007, 1, 1, 20, 4, 19, 2),
(1008, 1, 1, 20, 4, 20, 2),
(1009, 1, 1, 20, 4, 21, 2),
(1010, 1, 1, 20, 4, 22, 2),
(1011, 1, 1, 20, 4, 23, 3),
(1012, 1, 1, 20, 4, 24, 3),
(1013, 1, 1, 20, 5, 25, 4),
(1014, 1, 1, 20, 5, 26, 4),
(1015, 1, 1, 20, 5, 27, 4),
(1016, 1, 1, 20, 6, 28, 4),
(1017, 1, 1, 20, 6, 29, 3),
(1018, 1, 1, 20, 6, 30, 3),
(1019, 1, 1, 20, 6, 31, 3),
(1020, 1, 1, 20, 7, 32, 3),
(1021, 1, 1, 20, 7, 33, 3),
(1022, 1, 1, 20, 7, 34, 3),
(1023, 1, 1, 20, 7, 35, 3),
(1024, 1, 1, 20, 8, 36, 3),
(1025, 1, 1, 20, 8, 37, 3),
(1026, 1, 1, 20, 8, 38, 4),
(1027, 1, 1, 20, 9, 39, 3),
(1028, 1, 1, 20, 9, 40, 3),
(1029, 1, 1, 20, 9, 41, 4),
(1030, 1, 1, 20, 10, 42, 3),
(1031, 1, 1, 20, 10, 43, 3),
(1032, 1, 1, 20, 10, 44, 4),
(1033, 1, 1, 20, 10, 45, 3),
(1034, 1, 1, 20, 10, 46, 3),
(1035, 1, 1, 20, 11, 47, 2),
(1036, 1, 1, 20, 11, 48, 3),
(1037, 1, 1, 20, 11, 49, 3),
(1038, 1, 1, 20, 12, 50, 3),
(1039, 1, 1, 20, 12, 51, 4),
(1040, 1, 1, 20, 12, 52, 3),
(1041, 2, 1, 21, 1, 1, 3),
(1042, 2, 1, 21, 1, 2, 4),
(1043, 2, 1, 21, 1, 3, 4),
(1044, 2, 1, 21, 1, 4, 4),
(1045, 2, 1, 21, 1, 5, 4),
(1046, 2, 1, 21, 1, 6, 3),
(1047, 2, 1, 21, 2, 7, 4),
(1048, 2, 1, 21, 2, 8, 4),
(1049, 2, 1, 21, 2, 9, 4),
(1050, 2, 1, 21, 2, 10, 3),
(1051, 2, 1, 21, 3, 11, 3),
(1052, 2, 1, 21, 3, 12, 4),
(1053, 2, 1, 21, 3, 13, 4),
(1054, 2, 1, 21, 3, 14, 4),
(1055, 2, 1, 21, 3, 15, 4),
(1056, 2, 1, 21, 3, 16, 3),
(1057, 2, 1, 21, 3, 17, 4),
(1058, 2, 1, 21, 3, 18, 4),
(1059, 2, 1, 21, 4, 19, 3),
(1060, 2, 1, 21, 4, 20, 3),
(1061, 2, 1, 21, 4, 21, 4),
(1062, 2, 1, 21, 4, 22, 4),
(1063, 2, 1, 21, 4, 23, 4),
(1064, 2, 1, 21, 4, 24, 4),
(1065, 2, 1, 21, 5, 25, 4),
(1066, 2, 1, 21, 5, 26, 3),
(1067, 2, 1, 21, 5, 27, 3),
(1068, 2, 1, 21, 6, 28, 4),
(1069, 2, 1, 21, 6, 29, 4),
(1070, 2, 1, 21, 6, 30, 3),
(1071, 2, 1, 21, 6, 31, 3),
(1072, 2, 1, 21, 7, 32, 4),
(1073, 2, 1, 21, 7, 33, 4),
(1074, 2, 1, 21, 7, 34, 3),
(1075, 2, 1, 21, 7, 35, 3),
(1076, 2, 1, 21, 8, 36, 3),
(1077, 2, 1, 21, 8, 37, 3),
(1078, 2, 1, 21, 8, 38, 4),
(1079, 2, 1, 21, 9, 39, 4),
(1080, 2, 1, 21, 9, 40, 4),
(1081, 2, 1, 21, 9, 41, 3),
(1082, 2, 1, 21, 10, 42, 4),
(1083, 2, 1, 21, 10, 43, 3),
(1084, 2, 1, 21, 10, 44, 3),
(1085, 2, 1, 21, 10, 45, 4),
(1086, 2, 1, 21, 10, 46, 4),
(1087, 2, 1, 21, 11, 47, 4),
(1088, 2, 1, 21, 11, 48, 4),
(1089, 2, 1, 21, 11, 49, 3),
(1090, 2, 1, 21, 12, 50, 4),
(1091, 2, 1, 21, 12, 51, 3),
(1092, 2, 1, 21, 12, 52, 3),
(1093, 2, 1, 22, 1, 1, 2),
(1094, 2, 1, 22, 1, 2, 4),
(1095, 2, 1, 22, 1, 3, 4),
(1096, 2, 1, 22, 1, 4, 4),
(1097, 2, 1, 22, 1, 5, 4),
(1098, 2, 1, 22, 1, 6, 3),
(1099, 2, 1, 22, 2, 7, 3),
(1100, 2, 1, 22, 2, 8, 4),
(1101, 2, 1, 22, 2, 9, 4),
(1102, 2, 1, 22, 2, 10, 3),
(1103, 2, 1, 22, 3, 11, 3),
(1104, 2, 1, 22, 3, 12, 3),
(1105, 2, 1, 22, 3, 13, 4),
(1106, 2, 1, 22, 3, 14, 4),
(1107, 2, 1, 22, 3, 15, 3),
(1108, 2, 1, 22, 3, 16, 4),
(1109, 2, 1, 22, 3, 17, 4),
(1110, 2, 1, 22, 3, 18, 4),
(1111, 2, 1, 22, 4, 19, 3),
(1112, 2, 1, 22, 4, 20, 3),
(1113, 2, 1, 22, 4, 21, 3),
(1114, 2, 1, 22, 4, 22, 3),
(1115, 2, 1, 22, 4, 23, 3),
(1116, 2, 1, 22, 4, 24, 3),
(1117, 2, 1, 22, 5, 25, 4),
(1118, 2, 1, 22, 5, 26, 4),
(1119, 2, 1, 22, 5, 27, 3),
(1120, 2, 1, 22, 6, 28, 4),
(1121, 2, 1, 22, 6, 29, 3),
(1122, 2, 1, 22, 6, 30, 4),
(1123, 2, 1, 22, 6, 31, 4),
(1124, 2, 1, 22, 7, 32, 3),
(1125, 2, 1, 22, 7, 33, 3),
(1126, 2, 1, 22, 7, 34, 3),
(1127, 2, 1, 22, 7, 35, 3),
(1128, 2, 1, 22, 8, 36, 4),
(1129, 2, 1, 22, 8, 37, 4),
(1130, 2, 1, 22, 8, 38, 4),
(1131, 2, 1, 22, 9, 39, 4),
(1132, 2, 1, 22, 9, 40, 4),
(1133, 2, 1, 22, 9, 41, 3),
(1134, 2, 1, 22, 10, 42, 3),
(1135, 2, 1, 22, 10, 43, 3),
(1136, 2, 1, 22, 10, 44, 3),
(1137, 2, 1, 22, 10, 45, 3),
(1138, 2, 1, 22, 10, 46, 3),
(1139, 2, 1, 22, 11, 47, 4),
(1140, 2, 1, 22, 11, 48, 4),
(1141, 2, 1, 22, 11, 49, 4),
(1142, 2, 1, 22, 12, 50, 4),
(1143, 2, 1, 22, 12, 51, 4),
(1144, 2, 1, 22, 12, 52, 3),
(1145, 2, 1, 23, 1, 1, 2),
(1146, 2, 1, 23, 1, 2, 3),
(1147, 2, 1, 23, 1, 3, 4),
(1148, 2, 1, 23, 1, 4, 4),
(1149, 2, 1, 23, 1, 5, 4),
(1150, 2, 1, 23, 1, 6, 3),
(1151, 2, 1, 23, 2, 7, 4),
(1152, 2, 1, 23, 2, 8, 4),
(1153, 2, 1, 23, 2, 9, 3),
(1154, 2, 1, 23, 2, 10, 3),
(1155, 2, 1, 23, 3, 11, 3),
(1156, 2, 1, 23, 3, 12, 3),
(1157, 2, 1, 23, 3, 13, 3),
(1158, 2, 1, 23, 3, 14, 3),
(1159, 2, 1, 23, 3, 15, 3),
(1160, 2, 1, 23, 3, 16, 4),
(1161, 2, 1, 23, 3, 17, 3),
(1162, 2, 1, 23, 3, 18, 3),
(1163, 2, 1, 23, 4, 19, 3),
(1164, 2, 1, 23, 4, 20, 3),
(1165, 2, 1, 23, 4, 21, 3),
(1166, 2, 1, 23, 4, 22, 3),
(1167, 2, 1, 23, 4, 23, 3),
(1168, 2, 1, 23, 4, 24, 3),
(1169, 2, 1, 23, 5, 25, 3),
(1170, 2, 1, 23, 5, 26, 4),
(1171, 2, 1, 23, 5, 27, 3),
(1172, 2, 1, 23, 6, 28, 3),
(1173, 2, 1, 23, 6, 29, 4),
(1174, 2, 1, 23, 6, 30, 4),
(1175, 2, 1, 23, 6, 31, 3),
(1176, 2, 1, 23, 7, 32, 4),
(1177, 2, 1, 23, 7, 33, 4),
(1178, 2, 1, 23, 7, 34, 4),
(1179, 2, 1, 23, 7, 35, 3),
(1180, 2, 1, 23, 8, 36, 3),
(1181, 2, 1, 23, 8, 37, 4),
(1182, 2, 1, 23, 8, 38, 4),
(1183, 2, 1, 23, 9, 39, 4),
(1184, 2, 1, 23, 9, 40, 3),
(1185, 2, 1, 23, 9, 41, 3),
(1186, 2, 1, 23, 10, 42, 3),
(1187, 2, 1, 23, 10, 43, 3),
(1188, 2, 1, 23, 10, 44, 3),
(1189, 2, 1, 23, 10, 45, 2),
(1190, 2, 1, 23, 10, 46, 3),
(1191, 2, 1, 23, 11, 47, 3),
(1192, 2, 1, 23, 11, 48, 4),
(1193, 2, 1, 23, 11, 49, 3),
(1194, 2, 1, 23, 12, 50, 4),
(1195, 2, 1, 23, 12, 51, 4),
(1196, 2, 1, 23, 12, 52, 4),
(1197, 2, 1, 24, 1, 1, 3),
(1198, 2, 1, 24, 1, 2, 4),
(1199, 2, 1, 24, 1, 3, 4),
(1200, 2, 1, 24, 1, 4, 4),
(1201, 2, 1, 24, 1, 5, 3),
(1202, 2, 1, 24, 1, 6, 4),
(1203, 2, 1, 24, 2, 7, 3),
(1204, 2, 1, 24, 2, 8, 4),
(1205, 2, 1, 24, 2, 9, 3),
(1206, 2, 1, 24, 2, 10, 3),
(1207, 2, 1, 24, 3, 11, 2),
(1208, 2, 1, 24, 3, 12, 2),
(1209, 2, 1, 24, 3, 13, 1),
(1210, 2, 1, 24, 3, 14, 1),
(1211, 2, 1, 24, 3, 15, 1),
(1212, 2, 1, 24, 3, 16, 1),
(1213, 2, 1, 24, 3, 17, 2),
(1214, 2, 1, 24, 3, 18, 2),
(1215, 2, 1, 24, 4, 19, 3),
(1216, 2, 1, 24, 4, 20, 3),
(1217, 2, 1, 24, 4, 21, 3),
(1218, 2, 1, 24, 4, 22, 4),
(1219, 2, 1, 24, 4, 23, 4),
(1220, 2, 1, 24, 4, 24, 3),
(1221, 2, 1, 24, 5, 25, 3),
(1222, 2, 1, 24, 5, 26, 3),
(1223, 2, 1, 24, 5, 27, 4),
(1224, 2, 1, 24, 6, 29, 3),
(1225, 2, 1, 24, 6, 28, 4),
(1226, 2, 1, 24, 6, 31, 4),
(1227, 2, 1, 24, 6, 30, 3),
(1228, 2, 1, 24, 7, 32, 4),
(1229, 2, 1, 24, 7, 33, 4),
(1230, 2, 1, 24, 7, 34, 4),
(1231, 2, 1, 24, 7, 35, 4),
(1232, 2, 1, 24, 8, 36, 4),
(1233, 2, 1, 24, 8, 37, 4),
(1234, 2, 1, 24, 8, 38, 4),
(1235, 2, 1, 24, 9, 39, 3),
(1236, 2, 1, 24, 9, 40, 3),
(1237, 2, 1, 24, 9, 41, 4),
(1238, 2, 1, 24, 10, 42, 3),
(1239, 2, 1, 24, 10, 43, 3),
(1240, 2, 1, 24, 10, 44, 4),
(1241, 2, 1, 24, 10, 45, 4),
(1242, 2, 1, 24, 10, 46, 4),
(1243, 2, 1, 24, 11, 47, 3),
(1244, 2, 1, 24, 11, 48, 3),
(1245, 2, 1, 24, 11, 49, 4),
(1246, 2, 1, 24, 12, 50, 4),
(1247, 2, 1, 24, 12, 51, 3),
(1248, 2, 1, 24, 12, 52, 3),
(1249, 2, 1, 25, 1, 1, 3),
(1250, 2, 1, 25, 1, 2, 4),
(1251, 2, 1, 25, 1, 3, 4),
(1252, 2, 1, 25, 1, 4, 4),
(1253, 2, 1, 25, 1, 5, 4),
(1254, 2, 1, 25, 1, 6, 4),
(1255, 2, 1, 25, 2, 7, 4),
(1256, 2, 1, 25, 2, 8, 4),
(1257, 2, 1, 25, 2, 9, 4),
(1258, 2, 1, 25, 2, 10, 4),
(1259, 2, 1, 25, 3, 11, 4),
(1260, 2, 1, 25, 3, 12, 4),
(1261, 2, 1, 25, 3, 13, 3),
(1262, 2, 1, 25, 3, 14, 4),
(1263, 2, 1, 25, 3, 15, 4),
(1264, 2, 1, 25, 3, 16, 4),
(1265, 2, 1, 25, 3, 17, 4),
(1266, 2, 1, 25, 3, 18, 4),
(1267, 2, 1, 25, 4, 19, 3),
(1268, 2, 1, 25, 4, 20, 4),
(1269, 2, 1, 25, 4, 21, 4),
(1270, 2, 1, 25, 4, 22, 4),
(1271, 2, 1, 25, 4, 23, 4),
(1272, 2, 1, 25, 4, 24, 4),
(1273, 2, 1, 25, 5, 25, 4),
(1274, 2, 1, 25, 5, 26, 4),
(1275, 2, 1, 25, 5, 27, 4),
(1276, 2, 1, 25, 6, 28, 4),
(1277, 2, 1, 25, 6, 29, 4),
(1278, 2, 1, 25, 6, 30, 3),
(1279, 2, 1, 25, 6, 31, 4),
(1280, 2, 1, 25, 7, 32, 4),
(1281, 2, 1, 25, 7, 33, 4),
(1282, 2, 1, 25, 7, 34, 4),
(1283, 2, 1, 25, 7, 35, 3),
(1284, 2, 1, 25, 8, 36, 4),
(1285, 2, 1, 25, 8, 37, 3),
(1286, 2, 1, 25, 8, 38, 4),
(1287, 2, 1, 25, 9, 39, 3),
(1288, 2, 1, 25, 9, 40, 4),
(1289, 2, 1, 25, 9, 41, 4),
(1290, 2, 1, 25, 10, 42, 4),
(1291, 2, 1, 25, 10, 43, 4),
(1292, 2, 1, 25, 10, 44, 4),
(1293, 2, 1, 25, 10, 45, 4),
(1294, 2, 1, 25, 10, 46, 3),
(1295, 2, 1, 25, 11, 47, 4),
(1296, 2, 1, 25, 11, 48, 4),
(1297, 2, 1, 25, 11, 49, 4),
(1298, 2, 1, 25, 12, 50, 4),
(1299, 2, 1, 25, 12, 51, 3),
(1300, 2, 1, 25, 12, 52, 4),
(1301, 2, 1, 26, 1, 1, 2),
(1302, 2, 1, 26, 1, 2, 4),
(1303, 2, 1, 26, 1, 3, 4),
(1304, 2, 1, 26, 1, 4, 4),
(1305, 2, 1, 26, 1, 5, 3),
(1306, 2, 1, 26, 1, 6, 3),
(1307, 2, 1, 26, 2, 7, 4),
(1308, 2, 1, 26, 2, 8, 3),
(1309, 2, 1, 26, 2, 9, 3),
(1310, 2, 1, 26, 2, 10, 4),
(1311, 2, 1, 26, 3, 11, 4),
(1312, 2, 1, 26, 3, 12, 4),
(1313, 2, 1, 26, 3, 13, 4),
(1314, 2, 1, 26, 3, 14, 3),
(1315, 2, 1, 26, 3, 15, 4),
(1316, 2, 1, 26, 3, 16, 4),
(1317, 2, 1, 26, 3, 17, 4),
(1318, 2, 1, 26, 3, 18, 3),
(1319, 2, 1, 26, 4, 19, 3),
(1320, 2, 1, 26, 4, 20, 4),
(1321, 2, 1, 26, 4, 21, 4),
(1322, 2, 1, 26, 4, 22, 4),
(1323, 2, 1, 26, 4, 23, 3),
(1324, 2, 1, 26, 4, 24, 4),
(1325, 2, 1, 26, 5, 25, 4),
(1326, 2, 1, 26, 5, 26, 3),
(1327, 2, 1, 26, 5, 27, 3),
(1328, 2, 1, 26, 6, 28, 3),
(1329, 2, 1, 26, 6, 29, 2),
(1330, 2, 1, 26, 6, 30, 2),
(1331, 2, 1, 26, 6, 31, 3),
(1332, 2, 1, 26, 7, 32, 3),
(1333, 2, 1, 26, 7, 33, 3),
(1334, 2, 1, 26, 7, 34, 3),
(1335, 2, 1, 26, 7, 35, 3),
(1336, 2, 1, 26, 8, 36, 3),
(1337, 2, 1, 26, 8, 37, 3),
(1338, 2, 1, 26, 8, 38, 4),
(1339, 2, 1, 26, 9, 39, 3),
(1340, 2, 1, 26, 9, 40, 3),
(1341, 2, 1, 26, 9, 41, 4),
(1342, 2, 1, 26, 10, 42, 4),
(1343, 2, 1, 26, 10, 43, 4),
(1344, 2, 1, 26, 10, 44, 4),
(1345, 2, 1, 26, 10, 45, 4),
(1346, 2, 1, 26, 10, 46, 4),
(1347, 2, 1, 26, 11, 47, 4),
(1348, 2, 1, 26, 11, 48, 4),
(1349, 2, 1, 26, 11, 49, 4),
(1350, 2, 1, 26, 12, 50, 4),
(1351, 2, 1, 26, 12, 51, 3),
(1352, 2, 1, 26, 12, 52, 4),
(1353, 2, 1, 27, 1, 1, 2),
(1354, 2, 1, 27, 1, 2, 3),
(1355, 2, 1, 27, 1, 3, 3),
(1356, 2, 1, 27, 1, 4, 3),
(1357, 2, 1, 27, 1, 5, 3),
(1358, 2, 1, 27, 1, 6, 2),
(1359, 2, 1, 27, 2, 7, 4),
(1360, 2, 1, 27, 2, 8, 4),
(1361, 2, 1, 27, 2, 9, 4),
(1362, 2, 1, 27, 2, 10, 4),
(1363, 2, 1, 27, 3, 11, 3),
(1364, 2, 1, 27, 3, 12, 4),
(1365, 2, 1, 27, 3, 13, 4),
(1366, 2, 1, 27, 3, 14, 3),
(1367, 2, 1, 27, 3, 15, 4),
(1368, 2, 1, 27, 3, 16, 4),
(1369, 2, 1, 27, 3, 17, 4),
(1370, 2, 1, 27, 3, 18, 4),
(1371, 2, 1, 27, 4, 19, 4),
(1372, 2, 1, 27, 4, 20, 4),
(1373, 2, 1, 27, 4, 21, 3),
(1374, 2, 1, 27, 4, 22, 3),
(1375, 2, 1, 27, 4, 23, 3),
(1376, 2, 1, 27, 4, 24, 3),
(1377, 2, 1, 27, 5, 25, 3),
(1378, 2, 1, 27, 5, 26, 3),
(1379, 2, 1, 27, 5, 27, 3),
(1380, 2, 1, 27, 6, 28, 4),
(1381, 2, 1, 27, 6, 29, 4),
(1382, 2, 1, 27, 6, 30, 3),
(1383, 2, 1, 27, 6, 31, 3),
(1384, 2, 1, 27, 7, 32, 3),
(1385, 2, 1, 27, 7, 33, 3),
(1386, 2, 1, 27, 7, 34, 2),
(1387, 2, 1, 27, 7, 35, 2),
(1388, 2, 1, 27, 8, 36, 3),
(1389, 2, 1, 27, 8, 37, 4),
(1390, 2, 1, 27, 8, 38, 3),
(1391, 2, 1, 27, 9, 39, 4),
(1392, 2, 1, 27, 9, 40, 4),
(1393, 2, 1, 27, 9, 41, 3),
(1394, 2, 1, 27, 10, 42, 4),
(1395, 2, 1, 27, 10, 43, 4),
(1396, 2, 1, 27, 10, 44, 4),
(1397, 2, 1, 27, 10, 45, 3),
(1398, 2, 1, 27, 10, 46, 3),
(1399, 2, 1, 27, 11, 47, 3),
(1400, 2, 1, 27, 11, 48, 4),
(1401, 2, 1, 27, 11, 49, 3),
(1402, 2, 1, 27, 12, 50, 4),
(1403, 2, 1, 27, 12, 51, 3),
(1404, 2, 1, 27, 12, 52, 3),
(1405, 2, 1, 28, 1, 1, 2),
(1406, 2, 1, 28, 1, 2, 4),
(1407, 2, 1, 28, 1, 3, 4),
(1408, 2, 1, 28, 1, 4, 4),
(1409, 2, 1, 28, 1, 5, 4),
(1410, 2, 1, 28, 1, 6, 4),
(1411, 2, 1, 28, 2, 7, 4),
(1412, 2, 1, 28, 2, 8, 4),
(1413, 2, 1, 28, 2, 9, 3),
(1414, 2, 1, 28, 2, 10, 4),
(1415, 2, 1, 28, 3, 11, 4),
(1416, 2, 1, 28, 3, 12, 4),
(1417, 2, 1, 28, 3, 13, 3),
(1418, 2, 1, 28, 3, 14, 3),
(1419, 2, 1, 28, 3, 15, 4),
(1420, 2, 1, 28, 3, 16, 4),
(1421, 2, 1, 28, 3, 17, 3),
(1422, 2, 1, 28, 3, 18, 4),
(1423, 2, 1, 28, 4, 19, 4),
(1424, 2, 1, 28, 4, 20, 4),
(1425, 2, 1, 28, 4, 21, 4),
(1426, 2, 1, 28, 4, 22, 3),
(1427, 2, 1, 28, 4, 23, 3),
(1428, 2, 1, 28, 4, 24, 3),
(1429, 2, 1, 28, 5, 25, 4),
(1430, 2, 1, 28, 5, 26, 3),
(1431, 2, 1, 28, 5, 27, 3),
(1432, 2, 1, 28, 6, 28, 3),
(1433, 2, 1, 28, 6, 29, 3),
(1434, 2, 1, 28, 6, 30, 3),
(1435, 2, 1, 28, 6, 31, 3),
(1436, 2, 1, 28, 7, 32, 4),
(1437, 2, 1, 28, 7, 33, 4),
(1438, 2, 1, 28, 7, 34, 3),
(1439, 2, 1, 28, 7, 35, 4),
(1440, 2, 1, 28, 8, 36, 4),
(1441, 2, 1, 28, 8, 37, 4),
(1442, 2, 1, 28, 8, 38, 4),
(1443, 2, 1, 28, 9, 39, 4),
(1444, 2, 1, 28, 9, 40, 3),
(1445, 2, 1, 28, 9, 41, 4),
(1446, 2, 1, 28, 10, 42, 4),
(1447, 2, 1, 28, 10, 43, 3),
(1448, 2, 1, 28, 10, 44, 3),
(1449, 2, 1, 28, 10, 45, 3),
(1450, 2, 1, 28, 10, 46, 3),
(1451, 2, 1, 28, 11, 47, 4),
(1452, 2, 1, 28, 11, 48, 3),
(1453, 2, 1, 28, 11, 49, 4),
(1454, 2, 1, 28, 12, 50, 4),
(1455, 2, 1, 28, 12, 51, 4),
(1456, 2, 1, 28, 12, 52, 3),
(1457, 2, 1, 29, 1, 1, 3),
(1458, 2, 1, 29, 1, 2, 4),
(1459, 2, 1, 29, 1, 3, 4),
(1460, 2, 1, 29, 1, 4, 4),
(1461, 2, 1, 29, 1, 5, 4),
(1462, 2, 1, 29, 1, 6, 3),
(1463, 2, 1, 29, 2, 7, 4),
(1464, 2, 1, 29, 2, 8, 4),
(1465, 2, 1, 29, 2, 9, 3),
(1466, 2, 1, 29, 2, 10, 3),
(1467, 2, 1, 29, 3, 11, 2),
(1468, 2, 1, 29, 3, 12, 2),
(1469, 2, 1, 29, 3, 13, 2),
(1470, 2, 1, 29, 3, 14, 2),
(1471, 2, 1, 29, 3, 15, 2),
(1472, 2, 1, 29, 3, 16, 2),
(1473, 2, 1, 29, 3, 17, 2),
(1474, 2, 1, 29, 3, 18, 2),
(1475, 2, 1, 29, 4, 19, 4),
(1476, 2, 1, 29, 4, 20, 4),
(1477, 2, 1, 29, 4, 21, 4),
(1478, 2, 1, 29, 4, 22, 4),
(1479, 2, 1, 29, 4, 23, 4),
(1480, 2, 1, 29, 4, 24, 4),
(1481, 2, 1, 29, 5, 25, 4),
(1482, 2, 1, 29, 5, 26, 4),
(1483, 2, 1, 29, 5, 27, 4),
(1484, 2, 1, 29, 6, 28, 4),
(1485, 2, 1, 29, 6, 29, 3),
(1486, 2, 1, 29, 6, 30, 3),
(1487, 2, 1, 29, 6, 31, 3),
(1488, 2, 1, 29, 7, 32, 3),
(1489, 2, 1, 29, 7, 33, 3),
(1490, 2, 1, 29, 7, 34, 3),
(1491, 2, 1, 29, 7, 35, 2),
(1492, 2, 1, 29, 8, 36, 3),
(1493, 2, 1, 29, 8, 37, 4),
(1494, 2, 1, 29, 8, 38, 3),
(1495, 2, 1, 29, 9, 39, 3),
(1496, 2, 1, 29, 9, 40, 4),
(1497, 2, 1, 29, 9, 41, 4),
(1498, 2, 1, 29, 10, 42, 3),
(1499, 2, 1, 29, 10, 43, 3),
(1500, 2, 1, 29, 10, 44, 3),
(1501, 2, 1, 29, 10, 45, 2),
(1502, 2, 1, 29, 10, 46, 3),
(1503, 2, 1, 29, 11, 47, 3),
(1504, 2, 1, 29, 11, 48, 4),
(1505, 2, 1, 29, 11, 49, 3),
(1506, 2, 1, 29, 12, 50, 4),
(1507, 2, 1, 29, 12, 51, 4),
(1508, 2, 1, 29, 12, 52, 4),
(1509, 2, 1, 30, 1, 1, 3),
(1510, 2, 1, 30, 1, 2, 4),
(1511, 2, 1, 30, 1, 3, 4),
(1512, 2, 1, 30, 1, 4, 3),
(1513, 2, 1, 30, 1, 5, 3),
(1514, 2, 1, 30, 1, 6, 3),
(1515, 2, 1, 30, 2, 7, 4),
(1516, 2, 1, 30, 2, 8, 4),
(1517, 2, 1, 30, 2, 9, 4),
(1518, 2, 1, 30, 2, 10, 4),
(1519, 2, 1, 30, 3, 11, 3),
(1520, 2, 1, 30, 3, 12, 3),
(1521, 2, 1, 30, 3, 13, 2),
(1522, 2, 1, 30, 3, 14, 2),
(1523, 2, 1, 30, 3, 15, 2),
(1524, 2, 1, 30, 3, 16, 2),
(1525, 2, 1, 30, 3, 17, 2),
(1526, 2, 1, 30, 3, 18, 2),
(1527, 2, 1, 30, 4, 19, 2),
(1528, 2, 1, 30, 4, 20, 3),
(1529, 2, 1, 30, 4, 21, 3),
(1530, 2, 1, 30, 4, 22, 3),
(1531, 2, 1, 30, 4, 23, 2),
(1532, 2, 1, 30, 4, 24, 3),
(1533, 2, 1, 30, 5, 25, 3),
(1534, 2, 1, 30, 5, 26, 4),
(1535, 2, 1, 30, 5, 27, 3),
(1536, 2, 1, 30, 6, 28, 3),
(1537, 2, 1, 30, 6, 29, 3),
(1538, 2, 1, 30, 6, 30, 3),
(1539, 2, 1, 30, 6, 31, 3),
(1540, 2, 1, 30, 7, 32, 3),
(1541, 2, 1, 30, 7, 33, 3),
(1542, 2, 1, 30, 7, 34, 3),
(1543, 2, 1, 30, 7, 35, 3),
(1544, 2, 1, 30, 8, 36, 4),
(1545, 2, 1, 30, 8, 37, 4),
(1546, 2, 1, 30, 8, 38, 4),
(1547, 2, 1, 30, 9, 39, 3),
(1548, 2, 1, 30, 9, 40, 3),
(1549, 2, 1, 30, 9, 41, 4),
(1550, 2, 1, 30, 10, 42, 3),
(1551, 2, 1, 30, 10, 43, 2),
(1552, 2, 1, 30, 10, 44, 2),
(1553, 2, 1, 30, 10, 45, 3),
(1554, 2, 1, 30, 10, 46, 3),
(1555, 2, 1, 30, 11, 47, 3),
(1556, 2, 1, 30, 11, 48, 4),
(1557, 2, 1, 30, 11, 49, 3),
(1558, 2, 1, 30, 12, 50, 3),
(1559, 2, 1, 30, 12, 51, 3),
(1560, 2, 1, 30, 12, 52, 4),
(1561, 2, 1, 31, 1, 1, 3),
(1562, 2, 1, 31, 1, 2, 3),
(1563, 2, 1, 31, 1, 3, 4),
(1564, 2, 1, 31, 1, 4, 4),
(1565, 2, 1, 31, 1, 5, 4),
(1566, 2, 1, 31, 1, 6, 4),
(1567, 2, 1, 31, 2, 7, 4),
(1568, 2, 1, 31, 2, 8, 4),
(1569, 2, 1, 31, 2, 9, 3),
(1570, 2, 1, 31, 2, 10, 4),
(1571, 2, 1, 31, 3, 11, 3),
(1572, 2, 1, 31, 3, 12, 3),
(1573, 2, 1, 31, 3, 13, 2),
(1574, 2, 1, 31, 3, 14, 2),
(1575, 2, 1, 31, 3, 15, 2),
(1576, 2, 1, 31, 3, 16, 2),
(1577, 2, 1, 31, 3, 17, 3),
(1578, 2, 1, 31, 3, 18, 3),
(1579, 2, 1, 31, 4, 19, 3),
(1580, 2, 1, 31, 4, 20, 3),
(1581, 2, 1, 31, 4, 21, 3),
(1582, 2, 1, 31, 4, 22, 3),
(1583, 2, 1, 31, 4, 23, 3),
(1584, 2, 1, 31, 4, 24, 3),
(1585, 2, 1, 31, 5, 25, 3),
(1586, 2, 1, 31, 5, 26, 4),
(1587, 2, 1, 31, 5, 27, 3),
(1588, 2, 1, 31, 6, 28, 3),
(1589, 2, 1, 31, 6, 29, 3),
(1590, 2, 1, 31, 6, 30, 3),
(1591, 2, 1, 31, 6, 31, 2),
(1592, 2, 1, 31, 7, 32, 3),
(1593, 2, 1, 31, 7, 33, 2),
(1594, 2, 1, 31, 7, 34, 2),
(1595, 2, 1, 31, 7, 35, 3),
(1596, 2, 1, 31, 8, 36, 4),
(1597, 2, 1, 31, 8, 37, 4),
(1598, 2, 1, 31, 8, 38, 3),
(1599, 2, 1, 31, 9, 39, 3),
(1600, 2, 1, 31, 9, 40, 3),
(1601, 2, 1, 31, 9, 41, 4),
(1602, 2, 1, 31, 10, 42, 3),
(1603, 2, 1, 31, 10, 43, 3),
(1604, 2, 1, 31, 10, 44, 3),
(1605, 2, 1, 31, 10, 45, 2),
(1606, 2, 1, 31, 10, 46, 3),
(1607, 2, 1, 31, 11, 47, 3),
(1608, 2, 1, 31, 11, 48, 4),
(1609, 2, 1, 31, 11, 49, 4),
(1610, 2, 1, 31, 12, 50, 3),
(1611, 2, 1, 31, 12, 51, 4),
(1612, 2, 1, 31, 12, 52, 3),
(1613, 2, 1, 32, 1, 1, 4),
(1614, 2, 1, 32, 1, 2, 4),
(1615, 2, 1, 32, 1, 3, 4),
(1616, 2, 1, 32, 1, 4, 4),
(1617, 2, 1, 32, 1, 5, 4),
(1618, 2, 1, 32, 1, 6, 4),
(1619, 2, 1, 32, 2, 7, 3),
(1620, 2, 1, 32, 2, 8, 4),
(1621, 2, 1, 32, 2, 9, 3),
(1622, 2, 1, 32, 2, 10, 3),
(1623, 2, 1, 32, 3, 11, 3),
(1624, 2, 1, 32, 3, 12, 3),
(1625, 2, 1, 32, 3, 13, 3),
(1626, 2, 1, 32, 3, 14, 4),
(1627, 2, 1, 32, 3, 15, 4),
(1628, 2, 1, 32, 3, 16, 4),
(1629, 2, 1, 32, 3, 17, 4),
(1630, 2, 1, 32, 3, 18, 3),
(1631, 2, 1, 32, 4, 19, 3),
(1632, 2, 1, 32, 4, 20, 3),
(1633, 2, 1, 32, 4, 21, 3),
(1634, 2, 1, 32, 4, 22, 3),
(1635, 2, 1, 32, 4, 23, 4),
(1636, 2, 1, 32, 4, 24, 4),
(1637, 2, 1, 32, 5, 25, 3),
(1638, 2, 1, 32, 5, 26, 4),
(1639, 2, 1, 32, 5, 27, 3),
(1640, 2, 1, 32, 6, 28, 3),
(1641, 2, 1, 32, 6, 29, 3),
(1642, 2, 1, 32, 6, 30, 2),
(1643, 2, 1, 32, 6, 31, 2),
(1644, 2, 1, 32, 7, 32, 3),
(1645, 2, 1, 32, 7, 33, 3),
(1646, 2, 1, 32, 7, 34, 3),
(1647, 2, 1, 32, 7, 35, 3),
(1648, 2, 1, 32, 8, 36, 3),
(1649, 2, 1, 32, 8, 37, 4),
(1650, 2, 1, 32, 8, 38, 3),
(1651, 2, 1, 32, 9, 39, 3),
(1652, 2, 1, 32, 9, 40, 4),
(1653, 2, 1, 32, 9, 41, 4),
(1654, 2, 1, 32, 10, 42, 3),
(1655, 2, 1, 32, 10, 43, 4),
(1656, 2, 1, 32, 10, 44, 4),
(1657, 2, 1, 32, 10, 45, 4),
(1658, 2, 1, 32, 10, 46, 3),
(1659, 2, 1, 32, 11, 47, 3),
(1660, 2, 1, 32, 11, 48, 4),
(1661, 2, 1, 32, 11, 49, 3),
(1662, 2, 1, 32, 12, 50, 3),
(1663, 2, 1, 32, 12, 51, 3),
(1664, 2, 1, 32, 12, 52, 3),
(1665, 2, 1, 33, 1, 1, 3),
(1666, 2, 1, 33, 1, 2, 4),
(1667, 2, 1, 33, 1, 3, 4),
(1668, 2, 1, 33, 1, 4, 4),
(1669, 2, 1, 33, 1, 5, 4),
(1670, 2, 1, 33, 1, 6, 4),
(1671, 2, 1, 33, 2, 7, 4),
(1672, 2, 1, 33, 2, 8, 4),
(1673, 2, 1, 33, 2, 9, 4),
(1674, 2, 1, 33, 2, 10, 4),
(1675, 2, 1, 33, 3, 11, 3),
(1676, 2, 1, 33, 3, 12, 4),
(1677, 2, 1, 33, 3, 13, 4),
(1678, 2, 1, 33, 3, 14, 4),
(1679, 2, 1, 33, 3, 15, 4),
(1680, 2, 1, 33, 3, 16, 4),
(1681, 2, 1, 33, 3, 17, 4),
(1682, 2, 1, 33, 3, 18, 4),
(1683, 2, 1, 33, 4, 19, 3),
(1684, 2, 1, 33, 4, 20, 4),
(1685, 2, 1, 33, 4, 21, 4),
(1686, 2, 1, 33, 4, 22, 4),
(1687, 2, 1, 33, 4, 23, 4),
(1688, 2, 1, 33, 4, 24, 3),
(1689, 2, 1, 33, 5, 25, 4),
(1690, 2, 1, 33, 5, 26, 4),
(1691, 2, 1, 33, 5, 27, 4),
(1692, 2, 1, 33, 6, 28, 4),
(1693, 2, 1, 33, 6, 29, 4),
(1694, 2, 1, 33, 6, 30, 3),
(1695, 2, 1, 33, 6, 31, 4),
(1696, 2, 1, 33, 7, 32, 4),
(1697, 2, 1, 33, 7, 33, 4),
(1698, 2, 1, 33, 7, 34, 4),
(1699, 2, 1, 33, 7, 35, 3),
(1700, 2, 1, 33, 8, 36, 4),
(1701, 2, 1, 33, 8, 37, 4),
(1702, 2, 1, 33, 8, 38, 3),
(1703, 2, 1, 33, 9, 39, 4),
(1704, 2, 1, 33, 9, 40, 4),
(1705, 2, 1, 33, 9, 41, 3),
(1706, 2, 1, 33, 10, 42, 4),
(1707, 2, 1, 33, 10, 43, 4),
(1708, 2, 1, 33, 10, 44, 4),
(1709, 2, 1, 33, 10, 45, 3),
(1710, 2, 1, 33, 10, 46, 4),
(1711, 2, 1, 33, 11, 47, 4),
(1712, 2, 1, 33, 11, 48, 4),
(1713, 2, 1, 33, 11, 49, 4),
(1714, 2, 1, 33, 12, 50, 4),
(1715, 2, 1, 33, 12, 51, 3),
(1716, 2, 1, 33, 12, 52, 4),
(1717, 2, 1, 34, 1, 1, 3),
(1718, 2, 1, 34, 1, 2, 4),
(1719, 2, 1, 34, 1, 3, 4),
(1720, 2, 1, 34, 1, 4, 3),
(1721, 2, 1, 34, 1, 5, 4),
(1722, 2, 1, 34, 1, 6, 4),
(1723, 2, 1, 34, 2, 7, 4),
(1724, 2, 1, 34, 2, 8, 3),
(1725, 2, 1, 34, 2, 9, 3),
(1726, 2, 1, 34, 2, 10, 4),
(1727, 2, 1, 34, 3, 11, 4),
(1728, 2, 1, 34, 3, 12, 4),
(1729, 2, 1, 34, 3, 13, 3),
(1730, 2, 1, 34, 3, 14, 3),
(1731, 2, 1, 34, 3, 15, 3),
(1732, 2, 1, 34, 3, 16, 3),
(1733, 2, 1, 34, 3, 17, 3),
(1734, 2, 1, 34, 3, 18, 3),
(1735, 2, 1, 34, 4, 19, 2),
(1736, 2, 1, 34, 4, 20, 2),
(1737, 2, 1, 34, 4, 21, 2),
(1738, 2, 1, 34, 4, 22, 3),
(1739, 2, 1, 34, 4, 23, 3),
(1740, 2, 1, 34, 4, 24, 3),
(1741, 2, 1, 34, 5, 25, 3),
(1742, 2, 1, 34, 5, 26, 4),
(1743, 2, 1, 34, 5, 27, 4),
(1744, 2, 1, 34, 6, 28, 2),
(1745, 2, 1, 34, 6, 29, 3),
(1746, 2, 1, 34, 6, 30, 2),
(1747, 2, 1, 34, 6, 31, 3),
(1748, 2, 1, 34, 7, 32, 4),
(1749, 2, 1, 34, 7, 33, 4),
(1750, 2, 1, 34, 7, 34, 4),
(1751, 2, 1, 34, 7, 35, 4),
(1752, 2, 1, 34, 8, 36, 4),
(1753, 2, 1, 34, 8, 37, 3),
(1754, 2, 1, 34, 8, 38, 4),
(1755, 2, 1, 34, 9, 39, 4),
(1756, 2, 1, 34, 9, 40, 3),
(1757, 2, 1, 34, 9, 41, 4),
(1758, 2, 1, 34, 10, 42, 4),
(1759, 2, 1, 34, 10, 43, 4),
(1760, 2, 1, 34, 10, 44, 4),
(1761, 2, 1, 34, 10, 45, 3),
(1762, 2, 1, 34, 10, 46, 4),
(1763, 2, 1, 34, 11, 47, 3),
(1764, 2, 1, 34, 11, 48, 3),
(1765, 2, 1, 34, 11, 49, 3),
(1766, 2, 1, 34, 12, 50, 4),
(1767, 2, 1, 34, 12, 51, 3),
(1768, 2, 1, 34, 12, 52, 3),
(1769, 2, 1, 35, 1, 1, 3),
(1770, 2, 1, 35, 1, 2, 4),
(1771, 2, 1, 35, 1, 3, 4),
(1772, 2, 1, 35, 1, 4, 4),
(1773, 2, 1, 35, 1, 5, 4),
(1774, 2, 1, 35, 1, 6, 4),
(1775, 2, 1, 35, 2, 7, 4),
(1776, 2, 1, 35, 2, 8, 4),
(1777, 2, 1, 35, 2, 9, 4),
(1778, 2, 1, 35, 2, 10, 4),
(1779, 2, 1, 35, 3, 11, 4),
(1780, 2, 1, 35, 3, 12, 4),
(1781, 2, 1, 35, 3, 13, 3),
(1782, 2, 1, 35, 3, 14, 3),
(1783, 2, 1, 35, 3, 15, 4),
(1784, 2, 1, 35, 3, 16, 4),
(1785, 2, 1, 35, 3, 17, 4),
(1786, 2, 1, 35, 3, 18, 4),
(1787, 2, 1, 35, 4, 19, 3),
(1788, 2, 1, 35, 4, 20, 4),
(1789, 2, 1, 35, 4, 21, 4),
(1790, 2, 1, 35, 4, 22, 3),
(1791, 2, 1, 35, 4, 23, 4),
(1792, 2, 1, 35, 4, 24, 4),
(1793, 2, 1, 35, 5, 25, 4),
(1794, 2, 1, 35, 5, 26, 3),
(1795, 2, 1, 35, 5, 27, 4),
(1796, 2, 1, 35, 6, 28, 4),
(1797, 2, 1, 35, 6, 29, 4),
(1798, 2, 1, 35, 6, 30, 3),
(1799, 2, 1, 35, 6, 31, 4),
(1800, 2, 1, 35, 7, 32, 4),
(1801, 2, 1, 35, 7, 33, 4),
(1802, 2, 1, 35, 7, 34, 4),
(1803, 2, 1, 35, 7, 35, 3),
(1804, 2, 1, 35, 8, 36, 4),
(1805, 2, 1, 35, 8, 37, 3),
(1806, 2, 1, 35, 8, 38, 3),
(1807, 2, 1, 35, 9, 39, 4),
(1808, 2, 1, 35, 9, 40, 3),
(1809, 2, 1, 35, 9, 41, 4),
(1810, 2, 1, 35, 10, 42, 4),
(1811, 2, 1, 35, 10, 43, 4),
(1812, 2, 1, 35, 10, 44, 4),
(1813, 2, 1, 35, 10, 45, 3),
(1814, 2, 1, 35, 10, 46, 4),
(1815, 2, 1, 35, 11, 47, 4),
(1816, 2, 1, 35, 11, 48, 4),
(1817, 2, 1, 35, 11, 49, 4),
(1818, 2, 1, 35, 12, 50, 4),
(1819, 2, 1, 35, 12, 51, 3),
(1820, 2, 1, 35, 12, 52, 4),
(1821, 2, 1, 36, 1, 1, 3),
(1822, 2, 1, 36, 1, 2, 3),
(1823, 2, 1, 36, 1, 3, 3),
(1824, 2, 1, 36, 1, 4, 3),
(1825, 2, 1, 36, 1, 5, 4),
(1826, 2, 1, 36, 1, 6, 4),
(1827, 2, 1, 36, 2, 7, 4),
(1828, 2, 1, 36, 2, 8, 4),
(1829, 2, 1, 36, 2, 9, 3),
(1830, 2, 1, 36, 2, 10, 3),
(1831, 2, 1, 36, 3, 11, 4),
(1832, 2, 1, 36, 3, 12, 4),
(1833, 2, 1, 36, 3, 13, 3),
(1834, 2, 1, 36, 3, 14, 3),
(1835, 2, 1, 36, 3, 15, 3),
(1836, 2, 1, 36, 3, 16, 3),
(1837, 2, 1, 36, 3, 17, 3),
(1838, 2, 1, 36, 3, 18, 4),
(1839, 2, 1, 36, 4, 19, 3),
(1840, 2, 1, 36, 4, 20, 3),
(1841, 2, 1, 36, 4, 21, 4),
(1842, 2, 1, 36, 4, 22, 4),
(1843, 2, 1, 36, 4, 23, 4),
(1844, 2, 1, 36, 4, 24, 4),
(1845, 2, 1, 36, 5, 25, 4),
(1846, 2, 1, 36, 5, 26, 4),
(1847, 2, 1, 36, 5, 27, 4),
(1848, 2, 1, 36, 6, 28, 4),
(1849, 2, 1, 36, 6, 29, 4),
(1850, 2, 1, 36, 6, 30, 4),
(1851, 2, 1, 36, 6, 31, 4),
(1852, 2, 1, 36, 7, 32, 3),
(1853, 2, 1, 36, 7, 33, 3),
(1854, 2, 1, 36, 7, 34, 3),
(1855, 2, 1, 36, 7, 35, 2),
(1856, 2, 1, 36, 8, 36, 4),
(1857, 2, 1, 36, 8, 37, 3),
(1858, 2, 1, 36, 8, 38, 3),
(1859, 2, 1, 36, 9, 39, 4),
(1860, 2, 1, 36, 9, 40, 3),
(1861, 2, 1, 36, 9, 41, 3),
(1862, 2, 1, 36, 10, 42, 4),
(1863, 2, 1, 36, 10, 43, 3),
(1864, 2, 1, 36, 10, 44, 3),
(1865, 2, 1, 36, 10, 45, 3),
(1866, 2, 1, 36, 10, 46, 3),
(1867, 2, 1, 36, 11, 47, 3),
(1868, 2, 1, 36, 11, 48, 3),
(1869, 2, 1, 36, 11, 49, 4),
(1870, 2, 1, 36, 12, 50, 3),
(1871, 2, 1, 36, 12, 51, 3),
(1872, 2, 1, 36, 12, 52, 4),
(1873, 2, 1, 37, 1, 1, 4),
(1874, 2, 1, 37, 1, 2, 4),
(1875, 2, 1, 37, 1, 3, 4),
(1876, 2, 1, 37, 1, 4, 4),
(1877, 2, 1, 37, 1, 5, 4),
(1878, 2, 1, 37, 1, 6, 4),
(1879, 2, 1, 37, 2, 7, 4),
(1880, 2, 1, 37, 2, 8, 4),
(1881, 2, 1, 37, 2, 9, 3),
(1882, 2, 1, 37, 2, 10, 4),
(1883, 2, 1, 37, 3, 11, 4),
(1884, 2, 1, 37, 3, 12, 3),
(1885, 2, 1, 37, 3, 13, 4),
(1886, 2, 1, 37, 3, 14, 3),
(1887, 2, 1, 37, 3, 15, 4),
(1888, 2, 1, 37, 3, 16, 3),
(1889, 2, 1, 37, 3, 17, 4),
(1890, 2, 1, 37, 3, 18, 4),
(1891, 2, 1, 37, 4, 19, 3),
(1892, 2, 1, 37, 4, 20, 3),
(1893, 2, 1, 37, 4, 21, 3),
(1894, 2, 1, 37, 4, 22, 4),
(1895, 2, 1, 37, 4, 23, 4),
(1896, 2, 1, 37, 4, 24, 4),
(1897, 2, 1, 37, 5, 25, 4),
(1898, 2, 1, 37, 5, 26, 3),
(1899, 2, 1, 37, 5, 27, 3),
(1900, 2, 1, 37, 6, 28, 4),
(1901, 2, 1, 37, 6, 29, 4),
(1902, 2, 1, 37, 6, 30, 3),
(1903, 2, 1, 37, 6, 31, 3),
(1904, 2, 1, 37, 7, 32, 4),
(1905, 2, 1, 37, 7, 33, 3),
(1906, 2, 1, 37, 7, 34, 3),
(1907, 2, 1, 37, 7, 35, 4),
(1908, 2, 1, 37, 8, 36, 3),
(1909, 2, 1, 37, 8, 37, 4),
(1910, 2, 1, 37, 8, 38, 3),
(1911, 2, 1, 37, 9, 39, 4),
(1912, 2, 1, 37, 9, 40, 4),
(1913, 2, 1, 37, 9, 41, 3),
(1914, 2, 1, 37, 10, 42, 4),
(1915, 2, 1, 37, 10, 43, 3),
(1916, 2, 1, 37, 10, 44, 3),
(1917, 2, 1, 37, 10, 45, 3),
(1918, 2, 1, 37, 10, 46, 3),
(1919, 2, 1, 37, 11, 47, 3),
(1920, 2, 1, 37, 11, 48, 4),
(1921, 2, 1, 37, 11, 49, 4),
(1922, 2, 1, 37, 12, 50, 4),
(1923, 2, 1, 37, 12, 51, 3),
(1924, 2, 1, 37, 12, 52, 3),
(1925, 2, 1, 38, 1, 1, 3),
(1926, 2, 1, 38, 1, 2, 4),
(1927, 2, 1, 38, 1, 3, 3),
(1928, 2, 1, 38, 1, 4, 4),
(1929, 2, 1, 38, 1, 5, 4),
(1930, 2, 1, 38, 1, 6, 4),
(1931, 2, 1, 38, 2, 7, 3),
(1932, 2, 1, 38, 2, 8, 4),
(1933, 2, 1, 38, 2, 9, 4),
(1934, 2, 1, 38, 2, 10, 4),
(1935, 2, 1, 38, 3, 11, 3),
(1936, 2, 1, 38, 3, 12, 3),
(1937, 2, 1, 38, 3, 13, 4),
(1938, 2, 1, 38, 3, 14, 4),
(1939, 2, 1, 38, 3, 15, 4),
(1940, 2, 1, 38, 3, 16, 4),
(1941, 2, 1, 38, 3, 17, 3),
(1942, 2, 1, 38, 3, 18, 3),
(1943, 2, 1, 38, 4, 19, 3),
(1944, 2, 1, 38, 4, 20, 3),
(1945, 2, 1, 38, 4, 21, 3),
(1946, 2, 1, 38, 4, 22, 3),
(1947, 2, 1, 38, 4, 23, 3),
(1948, 2, 1, 38, 4, 24, 3),
(1949, 2, 1, 38, 5, 25, 4),
(1950, 2, 1, 38, 5, 26, 3),
(1951, 2, 1, 38, 5, 27, 3),
(1952, 2, 1, 38, 6, 28, 3),
(1953, 2, 1, 38, 6, 29, 3),
(1954, 2, 1, 38, 6, 30, 2),
(1955, 2, 1, 38, 6, 31, 3),
(1956, 2, 1, 38, 7, 32, 3),
(1957, 2, 1, 38, 7, 33, 3),
(1958, 2, 1, 38, 7, 34, 3),
(1959, 2, 1, 38, 7, 35, 2),
(1960, 2, 1, 38, 8, 36, 4),
(1961, 2, 1, 38, 8, 37, 3),
(1962, 2, 1, 38, 8, 38, 3),
(1963, 2, 1, 38, 9, 39, 3),
(1964, 2, 1, 38, 9, 40, 4),
(1965, 2, 1, 38, 9, 41, 3),
(1966, 2, 1, 38, 10, 42, 4),
(1967, 2, 1, 38, 10, 43, 4),
(1968, 2, 1, 38, 10, 44, 4),
(1969, 2, 1, 38, 10, 45, 4),
(1970, 2, 1, 38, 10, 46, 4),
(1971, 2, 1, 38, 11, 47, 3),
(1972, 2, 1, 38, 11, 48, 4),
(1973, 2, 1, 38, 11, 49, 3),
(1974, 2, 1, 38, 12, 50, 4),
(1975, 2, 1, 38, 12, 51, 3),
(1976, 2, 1, 38, 12, 52, 3),
(1977, 2, 1, 39, 1, 1, 3),
(1978, 2, 1, 39, 1, 2, 3),
(1979, 2, 1, 39, 1, 3, 4),
(1980, 2, 1, 39, 1, 4, 4);
INSERT INTO `nilai_alternatif_indikator` (`id`, `sekolah_id`, `periode_id`, `guru_mapel_id`, `kriteria_id`, `sub_kriteria_id`, `nilai`) VALUES
(1981, 2, 1, 39, 1, 5, 3),
(1982, 2, 1, 39, 1, 6, 3),
(1983, 2, 1, 39, 2, 7, 4),
(1984, 2, 1, 39, 2, 8, 3),
(1985, 2, 1, 39, 2, 9, 3),
(1986, 2, 1, 39, 2, 10, 4),
(1987, 2, 1, 39, 3, 11, 3),
(1988, 2, 1, 39, 3, 12, 3),
(1989, 2, 1, 39, 3, 13, 3),
(1990, 2, 1, 39, 3, 14, 3),
(1991, 2, 1, 39, 3, 15, 4),
(1992, 2, 1, 39, 3, 16, 3),
(1993, 2, 1, 39, 3, 17, 3),
(1994, 2, 1, 39, 3, 18, 3),
(1995, 2, 1, 39, 4, 19, 3),
(1996, 2, 1, 39, 4, 20, 3),
(1997, 2, 1, 39, 4, 21, 2),
(1998, 2, 1, 39, 4, 22, 2),
(1999, 2, 1, 39, 4, 23, 3),
(2000, 2, 1, 39, 4, 24, 3),
(2001, 2, 1, 39, 5, 25, 3),
(2002, 2, 1, 39, 5, 26, 3),
(2003, 2, 1, 39, 5, 27, 3),
(2004, 2, 1, 39, 6, 28, 3),
(2005, 2, 1, 39, 6, 29, 3),
(2006, 2, 1, 39, 6, 30, 2),
(2007, 2, 1, 39, 6, 31, 2),
(2008, 2, 1, 39, 7, 32, 3),
(2009, 2, 1, 39, 7, 33, 4),
(2010, 2, 1, 39, 7, 34, 4),
(2011, 2, 1, 39, 7, 35, 3),
(2012, 2, 1, 39, 8, 36, 3),
(2013, 2, 1, 39, 8, 37, 4),
(2014, 2, 1, 39, 8, 38, 3),
(2015, 2, 1, 39, 9, 39, 4),
(2016, 2, 1, 39, 9, 40, 3),
(2017, 2, 1, 39, 9, 41, 4),
(2018, 2, 1, 39, 10, 42, 4),
(2019, 2, 1, 39, 10, 43, 4),
(2020, 2, 1, 39, 10, 44, 4),
(2021, 2, 1, 39, 10, 45, 4),
(2022, 2, 1, 39, 10, 46, 4),
(2023, 2, 1, 39, 11, 47, 3),
(2024, 2, 1, 39, 11, 48, 4),
(2025, 2, 1, 39, 11, 49, 3),
(2026, 2, 1, 39, 12, 50, 3),
(2027, 2, 1, 39, 12, 51, 3),
(2028, 2, 1, 39, 12, 52, 3),
(2029, 2, 1, 40, 1, 1, 2),
(2030, 2, 1, 40, 1, 2, 3),
(2031, 2, 1, 40, 1, 3, 3),
(2032, 2, 1, 40, 1, 4, 3),
(2033, 2, 1, 40, 1, 5, 4),
(2034, 2, 1, 40, 1, 6, 3),
(2035, 2, 1, 40, 2, 7, 3),
(2036, 2, 1, 40, 2, 8, 4),
(2037, 2, 1, 40, 2, 9, 4),
(2038, 2, 1, 40, 2, 10, 3),
(2039, 2, 1, 40, 3, 11, 3),
(2040, 2, 1, 40, 3, 12, 3),
(2041, 2, 1, 40, 3, 13, 4),
(2042, 2, 1, 40, 3, 14, 4),
(2043, 2, 1, 40, 3, 15, 4),
(2044, 2, 1, 40, 3, 16, 3),
(2045, 2, 1, 40, 3, 17, 3),
(2046, 2, 1, 40, 3, 18, 4),
(2047, 2, 1, 40, 4, 19, 3),
(2048, 2, 1, 40, 4, 20, 3),
(2049, 2, 1, 40, 4, 21, 3),
(2050, 2, 1, 40, 4, 22, 4),
(2051, 2, 1, 40, 4, 23, 4),
(2052, 2, 1, 40, 4, 24, 3),
(2053, 2, 1, 40, 5, 25, 3),
(2054, 2, 1, 40, 5, 26, 4),
(2055, 2, 1, 40, 5, 27, 4),
(2056, 2, 1, 40, 6, 28, 4),
(2057, 2, 1, 40, 6, 29, 3),
(2058, 2, 1, 40, 6, 30, 4),
(2059, 2, 1, 40, 6, 31, 3),
(2060, 2, 1, 40, 7, 32, 4),
(2061, 2, 1, 40, 7, 33, 4),
(2062, 2, 1, 40, 7, 34, 4),
(2063, 2, 1, 40, 7, 35, 3),
(2064, 2, 1, 40, 8, 36, 4),
(2065, 2, 1, 40, 8, 37, 3),
(2066, 2, 1, 40, 8, 38, 3),
(2067, 2, 1, 40, 9, 39, 3),
(2068, 2, 1, 40, 9, 40, 3),
(2069, 2, 1, 40, 9, 41, 4),
(2070, 2, 1, 40, 10, 42, 4),
(2071, 2, 1, 40, 10, 43, 3),
(2072, 2, 1, 40, 10, 44, 4),
(2073, 2, 1, 40, 10, 45, 4),
(2074, 2, 1, 40, 10, 46, 3),
(2075, 2, 1, 40, 11, 47, 4),
(2076, 2, 1, 40, 11, 48, 3),
(2077, 2, 1, 40, 11, 49, 3),
(2078, 2, 1, 40, 12, 50, 3),
(2079, 2, 1, 40, 12, 51, 4),
(2080, 2, 1, 40, 12, 52, 4),
(2087, 1, 1, 1, 1, 1, 3),
(2088, 1, 1, 1, 1, 2, 4),
(2089, 1, 1, 1, 1, 3, 4),
(2090, 1, 1, 1, 1, 4, 4),
(2091, 1, 1, 1, 1, 5, 4),
(2092, 1, 1, 1, 1, 6, 4);

-- --------------------------------------------------------

--
-- Table structure for table `periode`
--

CREATE TABLE `periode` (
  `id` int UNSIGNED NOT NULL,
  `periode` varchar(100) NOT NULL,
  `tahun_akademik` varchar(50) NOT NULL,
  `is_active` int NOT NULL
) ENGINE=InnoDB DEFAULT CHARSET=utf8mb3;

--
-- Dumping data for table `periode`
--

INSERT INTO `periode` (`id`, `periode`, `tahun_akademik`, `is_active`) VALUES
(1, 'JANUARI - JUNI', '2022/2023', 1);

-- --------------------------------------------------------

--
-- Table structure for table `sekolah`
--

CREATE TABLE `sekolah` (
  `id` int UNSIGNED NOT NULL,
  `npsn` varchar(30) NOT NULL,
  `nama_sekolah` varchar(100) NOT NULL,
  `kepala_sekolah` varchar(60) NOT NULL,
  `nip` varchar(30) NOT NULL,
  `alamat` text
) ENGINE=InnoDB DEFAULT CHARSET=utf8mb3;

--
-- Dumping data for table `sekolah`
--

INSERT INTO `sekolah` (`id`, `npsn`, `nama_sekolah`, `kepala_sekolah`, `nip`, `alamat`) VALUES
(1, '10311214', 'MTs TI Candung', 'H. Aldri, S. Ag', '-', '-'),
(2, '10263704', 'MAS TI Candung', 'Candra, S.Pd.I', '-', '-');

-- --------------------------------------------------------

--
-- Table structure for table `users`
--

CREATE TABLE `users` (
  `id` int NOT NULL,
  `email` varchar(60) NOT NULL,
  `password` varchar(100) NOT NULL,
  `full_name` varchar(100) NOT NULL,
  `is_active` int DEFAULT NULL
) ENGINE=InnoDB DEFAULT CHARSET=utf8mb3;

--
-- Dumping data for table `users`
--

INSERT INTO `users` (`id`, `email`, `password`, `full_name`, `is_active`) VALUES
(1, 'admin', '$2y$10$spfSJlxkplk6cUnY6p3HQu6tboPj7NsJeWGMsztw3PR3FL0QYoh3u', 'Abdul Yamin', 1),
(2, 'superv', '$2y$10$IBNux0gxNrLyQKh4RtXqEOoUtHc7ucH5jqKtB4Mx96NXKZKrPSsp2', 'H. Aldri, S. Ag, M.Pd', 1),
(3, 'candra', '$2y$10$IBNux0gxNrLyQKh4RtXqEOoUtHc7ucH5jqKtB4Mx96NXKZKrPSsp2', 'Candra, S. Pd.I, M.Pd', 1);

-- --------------------------------------------------------

--
-- Table structure for table `user_akses`
--

CREATE TABLE `user_akses` (
  `id` int NOT NULL,
  `user_id` int DEFAULT NULL,
  `role_user_id` int DEFAULT NULL,
  `sekolah_id` int DEFAULT NULL
) ENGINE=InnoDB DEFAULT CHARSET=utf8mb4 COLLATE=utf8mb4_0900_ai_ci;

--
-- Dumping data for table `user_akses`
--

INSERT INTO `user_akses` (`id`, `user_id`, `role_user_id`, `sekolah_id`) VALUES
(1, 1, 1, NULL),
(2, 2, 2, 1),
(3, 3, 2, 2);

-- --------------------------------------------------------

--
-- Table structure for table `user_role`
--

CREATE TABLE `user_role` (
  `id` int NOT NULL,
  `role_name` varchar(50) DEFAULT NULL
) ENGINE=InnoDB DEFAULT CHARSET=utf8mb4 COLLATE=utf8mb4_0900_ai_ci;

--
-- Dumping data for table `user_role`
--

INSERT INTO `user_role` (`id`, `role_name`) VALUES
(1, 'Administrator'),
(2, 'Supervisor');

--
-- Indexes for dumped tables
--

--
-- Indexes for table `guru`
--
ALTER TABLE `guru`
  ADD PRIMARY KEY (`id`);

--
-- Indexes for table `guru_mapel`
--
ALTER TABLE `guru_mapel`
  ADD PRIMARY KEY (`id`);

--
-- Indexes for table `kelas`
--
ALTER TABLE `kelas`
  ADD PRIMARY KEY (`id`);

--
-- Indexes for table `kriteria`
--
ALTER TABLE `kriteria`
  ADD PRIMARY KEY (`id`);

--
-- Indexes for table `kriteria_skor`
--
ALTER TABLE `kriteria_skor`
  ADD PRIMARY KEY (`id`);

--
-- Indexes for table `kriteria_sub`
--
ALTER TABLE `kriteria_sub`
  ADD PRIMARY KEY (`id`);

--
-- Indexes for table `mapel`
--
ALTER TABLE `mapel`
  ADD PRIMARY KEY (`id`);

--
-- Indexes for table `nilai_alternatif`
--
ALTER TABLE `nilai_alternatif`
  ADD PRIMARY KEY (`id`);

--
-- Indexes for table `nilai_alternatif_indikator`
--
ALTER TABLE `nilai_alternatif_indikator`
  ADD PRIMARY KEY (`id`) USING BTREE;

--
-- Indexes for table `periode`
--
ALTER TABLE `periode`
  ADD PRIMARY KEY (`id`);

--
-- Indexes for table `sekolah`
--
ALTER TABLE `sekolah`
  ADD PRIMARY KEY (`id`);

--
-- Indexes for table `users`
--
ALTER TABLE `users`
  ADD PRIMARY KEY (`id`);

--
-- Indexes for table `user_akses`
--
ALTER TABLE `user_akses`
  ADD PRIMARY KEY (`id`),
  ADD KEY `user_id` (`user_id`);

--
-- Indexes for table `user_role`
--
ALTER TABLE `user_role`
  ADD PRIMARY KEY (`id`);

--
-- AUTO_INCREMENT for dumped tables
--

--
-- AUTO_INCREMENT for table `guru`
--
ALTER TABLE `guru`
  MODIFY `id` int UNSIGNED NOT NULL AUTO_INCREMENT, AUTO_INCREMENT=41;

--
-- AUTO_INCREMENT for table `guru_mapel`
--
ALTER TABLE `guru_mapel`
  MODIFY `id` int UNSIGNED NOT NULL AUTO_INCREMENT, AUTO_INCREMENT=42;

--
-- AUTO_INCREMENT for table `kelas`
--
ALTER TABLE `kelas`
  MODIFY `id` int UNSIGNED NOT NULL AUTO_INCREMENT, AUTO_INCREMENT=40;

--
-- AUTO_INCREMENT for table `kriteria`
--
ALTER TABLE `kriteria`
  MODIFY `id` int UNSIGNED NOT NULL AUTO_INCREMENT, AUTO_INCREMENT=14;

--
-- AUTO_INCREMENT for table `kriteria_skor`
--
ALTER TABLE `kriteria_skor`
  MODIFY `id` int NOT NULL AUTO_INCREMENT, AUTO_INCREMENT=8;

--
-- AUTO_INCREMENT for table `kriteria_sub`
--
ALTER TABLE `kriteria_sub`
  MODIFY `id` int UNSIGNED NOT NULL AUTO_INCREMENT, AUTO_INCREMENT=53;

--
-- AUTO_INCREMENT for table `mapel`
--
ALTER TABLE `mapel`
  MODIFY `id` int UNSIGNED NOT NULL AUTO_INCREMENT, AUTO_INCREMENT=52;

--
-- AUTO_INCREMENT for table `nilai_alternatif`
--
ALTER TABLE `nilai_alternatif`
  MODIFY `id` int UNSIGNED NOT NULL AUTO_INCREMENT, AUTO_INCREMENT=483;

--
-- AUTO_INCREMENT for table `nilai_alternatif_indikator`
--
ALTER TABLE `nilai_alternatif_indikator`
  MODIFY `id` int UNSIGNED NOT NULL AUTO_INCREMENT, AUTO_INCREMENT=2093;

--
-- AUTO_INCREMENT for table `periode`
--
ALTER TABLE `periode`
  MODIFY `id` int UNSIGNED NOT NULL AUTO_INCREMENT, AUTO_INCREMENT=5;

--
-- AUTO_INCREMENT for table `sekolah`
--
ALTER TABLE `sekolah`
  MODIFY `id` int UNSIGNED NOT NULL AUTO_INCREMENT, AUTO_INCREMENT=5;

--
-- AUTO_INCREMENT for table `users`
--
ALTER TABLE `users`
  MODIFY `id` int NOT NULL AUTO_INCREMENT, AUTO_INCREMENT=16;

--
-- AUTO_INCREMENT for table `user_akses`
--
ALTER TABLE `user_akses`
  MODIFY `id` int NOT NULL AUTO_INCREMENT, AUTO_INCREMENT=9;

--
-- AUTO_INCREMENT for table `user_role`
--
ALTER TABLE `user_role`
  MODIFY `id` int NOT NULL AUTO_INCREMENT, AUTO_INCREMENT=3;

--
-- Constraints for dumped tables
--

--
-- Constraints for table `user_akses`
--
ALTER TABLE `user_akses`
  ADD CONSTRAINT `user_akses_ibfk_1` FOREIGN KEY (`user_id`) REFERENCES `users` (`id`) ON DELETE CASCADE;
COMMIT;

/*!40101 SET CHARACTER_SET_CLIENT=@OLD_CHARACTER_SET_CLIENT */;
/*!40101 SET CHARACTER_SET_RESULTS=@OLD_CHARACTER_SET_RESULTS */;
/*!40101 SET COLLATION_CONNECTION=@OLD_COLLATION_CONNECTION */;
